"ncohort","utype","rtype","bd.sel","od.sel","bd.pts","od.pts","earlystop","overdose","poorall","ov.sel","design"
"12","1","1","15.4199999999997","30.440000000002","10.0041666666666","20.4166666666657","3.59","0","82.7800000000054","0","boin12"
"18","1","1","21.3400000000005","38.180000000001","13.3988888888896","25.2211111111103","6.18","0","75.8400000000019","0","boin12"
"12","2","1","21.8000000000006","28.9500000000017","12.2841666666663","16.6841666666661","3.17","0","78.9000000000035","0","boin12"
"18","2","1","29.6200000000018","37.5700000000011","16.7094444444451","21.9138888888884","4.14","0","68.5999999999982","0","boin12"
