"ncohort","utype","rtype","bd.sel","od.sel","bd.pts","od.pts","earlystop","overdose","poorall","ov.sel","design"
"12","1","1","16.9799999999999","32.6600000000021","14.0733333333332","25.7674999999992","2.37","0","72.9000000000004","0","boinet"
"18","1","1","20.3300000000004","37.2100000000012","18.5555555555557","31.6272222222218","3.51","0","67.2899999999975","0","boinet"
"12","2","1","21.1700000000005","27.4700000000015","13.5899999999999","17.7241666666664","2.37","0","73.9600000000009","0","boinet"
"18","2","1","24.8600000000011","32.0300000000022","17.9583333333336","23.0777777777776","3.42","0","67.7899999999978","0","boinet"
