"ncohort","utype","rtype","bd.sel","od.sel","bd.pts","od.pts","earlystop","overdose","poorall","ov.sel","design"
"12","1","1","56.8999999999972","69.6299999999987","47.1958333333297","59.8974999999962","2.23","4.39333333333336","38.4900000000009","0.910000000000001","boinet"
"18","1","1","57.5699999999971","70.5999999999992","48.2461111111134","60.8322222222255","3.43","4.07277777777782","39.3500000000007","0.58","boinet"
"12","2","1","52.6499999999981","71.9299999999999","45.1224999999968","61.7041666666633","2.19","4.97666666666674","39.8000000000007","2.93999999999998","boinet"
"18","2","1","54.1799999999978","73.7200000000008","46.6477777777791","64.5366666666715","3.03","4.53166666666674","39.7100000000007","2.11","boinet"
