"ncohort","utype","rtype","bd.sel","od.sel","bd.pts","od.pts","earlystop","overdose","poorall","ov.sel","design"
"12","1","1","55.2199999999976","68.0499999999979","43.8033333333297","57.0774999999965","2.04","7.17916666666675","43.3299999999999","1.18","ji3"
"18","1","1","57.0899999999972","70.5899999999992","45.1922222222235","58.2944444444474","2.38","6.43111111111124","42.8200000000001","0.7","ji3"
"12","2","1","50.4999999999985","71.1899999999995","42.25333333333","60.8191666666635","1.99","7.64666666666674","43.6399999999999","3.41999999999997","ji3"
"18","2","1","53.029999999998","74.150000000001","44.4294444444457","63.9750000000051","2.38","6.71111111111124","42.0700000000002","2.44999999999999","ji3"
