"ncohort","utype","rtype","bd.sel","od.sel","bd.pts","od.pts","earlystop","overdose","poorall","ov.sel","design"
"12","1","1","57.0799999999972","69.1999999999985","47.6541666666636","59.9449999999971","3.65","4.04833333333335","34.2800000000017","1.12","stein"
"18","1","1","58.9899999999968","71.7699999999998","49.9283333333349","62.4277777777806","4.77","3.43611111111116","32.3400000000021","0.49","stein"
"12","2","1","53.099999999998","71.8599999999999","45.0383333333306","61.0166666666637","3.49","4.01583333333335","36.7900000000012","2.56999999999999","stein"
"18","2","1","54.8999999999976","73.7000000000008","48.4994444444458","64.8194444444487","4.75","3.43611111111116","33.090000000002","2.05","stein"
