"ncohort","utype","rtype","bd.sel","od.sel","bd.pts","od.pts","earlystop","overdose","poorall","ov.sel","design"
"12","1","1","54.3599999999978","68.6599999999982","32.0666666666638","44.079166666664","3.71","7.13416666666679","50.4299999999985","1.06","tepi"
"18","1","1","54.1699999999978","68.219999999998","30.0394444444419","41.4972222222212","4.11","7.80111111111129","57.0299999999972","0.68","tepi"
"12","2","1","50.1399999999986","73.3800000000006","34.354166666664","58.4091666666635","3.48","7.23750000000012","46.7899999999993","3.13999999999998","tepi"
"18","2","1","50.0799999999986","74.4000000000012","32.5055555555529","59.7766666666698","4.4","7.77000000000018","53.4199999999979","2.34999999999999","tepi"
