"ncohort","utype","rtype","bd.sel","od.sel","bd.pts","od.pts","earlystop","overdose","poorall","ov.sel","design"
"12","1","1","57.999999999997","70.8699999999994","46.2199999999975","59.2224999999978","2.35","4.57750000000005","29.0000000000017","1.14","utpi"
"18","1","1","60.4199999999965","73.5200000000007","49.7755555555569","62.7350000000023","2.91","3.77333333333336","29.9000000000019","0.900000000000001","utpi"
"12","2","1","55.0499999999976","73.5400000000007","46.6533333333305","62.7741666666635","2.18","4.50750000000005","35.9800000000014","2.82999999999998","utpi"
"18","2","1","55.4799999999975","74.4800000000012","48.380555555557","65.4400000000042","2.79","3.94388888888894","36.3800000000013","1.94","utpi"
