"ncohort","utype","rtype","bd.sel","od.sel","bd.pts","od.pts","earlystop","overdose","poorall","ov.sel","design"
"12","1","1","44.7599999999997","60.0799999999966","35.8358333333317","49.3641666666649","2.08","3.14333333333334","46.1299999999994","0.73","boinet"
"18","1","1","47.3899999999991","62.2999999999962","39.8416666666667","53.1816666666682","2.61","3.01111111111115","43.05","0.68","boinet"
"12","2","1","45.9499999999994","60.4099999999966","33.3641666666651","44.7066666666655","1.88","3.46750000000001","48.209999999999","1.86","boinet"
"18","2","1","47.889999999999","63.5299999999959","36.8772222222218","50.2161111111127","2.68","3.28722222222226","45.9399999999994","1.64","boinet"
