"ncohort","utype","rtype","bd.sel","od.sel","bd.pts","od.pts","earlystop","overdose","poorall","ov.sel","design"
"12","1","1","45.0499999999996","59.9899999999966","35.0916666666649","48.0849999999983","1.61","3.43000000000001","46.7599999999993","0.67","printe"
"18","1","1","47.1799999999992","62.5299999999961","37.9472222222221","51.3172222222235","2.29","3.16388888888891","44.9299999999996","0.47","printe"
"12","2","1","45.6999999999995","61.3699999999964","32.6458333333316","44.9099999999988","1.53","3.87666666666668","48.7399999999989","2.05","printe"
"18","2","1","47.5899999999991","63.8199999999959","35.3911111111108","48.9033333333348","2.22","3.76777777777781","46.8099999999993","1.81","printe"
