"ncohort","utype","rtype","bd.sel","od.sel","bd.pts","od.pts","earlystop","overdose","poorall","ov.sel","design"
"12","1","1","45.3499999999995","60.4999999999965","29.4824999999981","41.2716666666652","4.25","4.78583333333338","49.7399999999987","0.61","tepi"
"18","1","1","48.3799999999989","63.8299999999959","30.3444444444425","43.0422222222214","4.48","5.59055555555566","50.5499999999985","0.48","tepi"
"12","2","1","47.949999999999","64.7299999999962","31.5566666666647","47.3516666666656","3.41","4.90583333333338","45.4999999999995","2.44999999999999","tepi"
"18","2","1","48.7599999999989","66.9499999999973","32.5694444444426","50.885555555556","4.42","5.74444444444456","46.4599999999993","1.78","tepi"
