"ncohort","utype","rtype","bd.sel","od.sel","bd.pts","od.pts","earlystop","overdose","poorall","ov.sel","design"
"12","1","1","13.8599999999997","30.1100000000019","12.8899999999998","24.5166666666661","2.05","0","75.4700000000017","0","printe"
"18","1","1","16.7799999999998","33.9100000000018","16.9305555555557","29.5872222222218","2.67","0","70.4799999999992","0","printe"
"12","2","1","18.7100000000001","24.7300000000011","13.2958333333331","17.178333333333","1.97","0","75.2700000000016","0","printe"
"18","2","1","22.4900000000007","29.1400000000018","17.5477777777778","22.0449999999997","2.42","0","69.5399999999987","0","printe"
