"ncohort","utype","rtype","bd.sel","od.sel","bd.pts","od.pts","earlystop","overdose","poorall","ov.sel","design"
"12","1","1","15.4699999999997","32.4800000000021","12.2516666666665","25.0108333333325","0.98","0","76.9100000000024","0","stein"
"18","1","1","18.2800000000001","36.5800000000013","14.9483333333338","29.3199999999996","1.95","0","72.5400000000002","0","stein"
"12","2","1","19.1300000000002","25.8500000000012","12.0449999999999","16.3324999999998","0.75","0","77.5700000000028","0","stein"
"18","2","1","21.8300000000006","28.9300000000017","14.1616666666672","18.9722222222224","1.52","0","74.040000000001","0","stein"
