"ncohort","utype","rtype","bd.sel","od.sel","bd.pts","od.pts","earlystop","overdose","poorall","ov.sel","design"
"12","1","1","24.7900000000011","44.3599999999997","37.6316666666668","47.8591666666677","0.8","0","34.6400000000017","0","tepi"
"18","1","1","27.3400000000015","47.979999999999","47.7205555555546","57.1944444444436","1.1","0","28.5300000000017","0","tepi"
"12","2","1","33.4600000000019","41.4000000000003","37.8775000000001","41.7975000000007","0.69","0","33.9800000000018","0","tepi"
"18","2","1","35.7100000000015","43.6999999999999","47.7222222222214","51.5849999999989","1","0","28.0100000000016","0","tepi"
