"ncohort","utype","rtype","bd.sel","od.sel","bd.pts","od.pts","earlystop","overdose","poorall","ov.sel","design"
"12","1","1","14.1599999999997","29.9300000000019","10.9599999999999","23.226666666666","0.83","0","79.980000000004","0","utpi"
"18","1","1","17.2799999999999","34.6000000000017","13.8788888888892","27.4072222222216","1.09","0","77.0600000000025","0","utpi"
"12","2","1","16.9999999999999","23.0200000000008","11.1608333333332","15.0649999999997","0.68","0","80.9500000000045","0","utpi"
"18","2","1","20.2200000000004","27.1200000000014","14.8405555555558","19.7349999999996","0.98","0","76.4000000000022","0","utpi"
