"ncohort","utype","rtype","bd.sel","od.sel","bd.pts","od.pts","earlystop","overdose","poorall","ov.sel","design"
"12","1","1","76.3700000000022","82.9200000000055","61.6899999999956","76.4983333333332","4.88","6.98500000000015","31.6500000000021","0.850000000000001","boinet"
"18","1","1","75.2800000000016","82.0600000000051","61.24611111111","75.1188888888895","5.86","5.34944444444458","32.4500000000021","0.65","boinet"
"12","2","1","67.0999999999974","84.2000000000062","62.3458333333289","87.1425000000054","5.58","7.00500000000014","30.630000000002","2.73999999999999","boinet"
"18","2","1","66.6599999999972","84.8300000000065","62.6872222222211","86.7933333333395","6.5","5.36888888888902","30.780000000002","1.74","boinet"
