"ncohort","utype","rtype","bd.sel","od.sel","bd.pts","od.pts","earlystop","overdose","poorall","ov.sel","design"
"12","1","1","74.9500000000014","82.7600000000054","64.6699999999973","80.303333333335","4.3","6.89833333333362","16.6099999999998","1.21","boin12"
"18","1","1","76.8300000000024","84.0600000000061","68.2205555555594","81.3933333333367","5.02","5.22888888888912","14.3799999999997","0.850000000000001","boin12"
"12","2","1","63.059999999996","84.7500000000065","59.5366666666646","87.9033333333388","4.35","8.69416666666687","20.8100000000005","3.66999999999997","boin12"
"18","2","1","64.0099999999958","85.4000000000068","62.0066666666695","88.4377777777843","5.5","6.84944444444475","20.1100000000003","2.79999999999998","boin12"
