"ncohort","utype","rtype","bd.sel","od.sel","bd.pts","od.pts","earlystop","overdose","poorall","ov.sel","design"
"12","1","1","77.7500000000029","84.2000000000062","63.4674999999952","75.9074999999995","3.85","6.07250000000008","31.1400000000021","0.860000000000001","printe"
"18","1","1","77.4400000000027","83.800000000006","62.0972222222205","74.2333333333333","5.21","5.0350000000001","32.0600000000022","0.55","printe"
"12","2","1","68.199999999998","86.2700000000072","64.1266666666616","87.3650000000058","4.18","6.05666666666676","30.510000000002","2.47999999999999","printe"
"18","2","1","68.149999999998","85.9900000000071","62.8544444444425","86.0655555555614","5.3","5.0261111111112","31.1900000000021","1.7","printe"
