"ncohort","utype","rtype","bd.sel","od.sel","bd.pts","od.pts","earlystop","overdose","poorall","ov.sel","design"
"12","1","1","79.2900000000037","85.1400000000067","70.8599999999979","81.4725000000023","4.05","4.52583333333336","19.9800000000003","0.830000000000001","stein"
"18","1","1","79.1100000000036","85.0400000000066","71.2316666666672","81.247777777781","5.25","3.6644444444445","20.2100000000004","0.46","stein"
"12","2","1","71.7399999999998","87.6500000000079","71.4683333333314","90.7191666666742","4.38","4.60750000000004","19.1600000000002","2.32999999999999","stein"
"18","2","1","72.21","88.0000000000081","71.9922222222227","90.2472222222302","5.49","3.64944444444451","19.2500000000002","1.72","stein"
