"ncohort","utype","rtype","bd.sel","od.sel","bd.pts","od.pts","earlystop","overdose","poorall","ov.sel","design"
"12","1","1","77.5500000000028","84.3300000000062","66.8916666666644","81.2725000000013","4.36","6.42166666666682","20.1600000000004","0.990000000000001","utpi"
"18","1","1","78.7200000000034","85.2100000000067","69.6027777777774","82.4277777777819","4.89","4.98555555555569","20.0900000000003","0.5","utpi"
"12","2","1","69.9599999999989","86.3300000000073","66.0599999999966","89.4133333333397","4.42","6.61833333333349","24.140000000001","2.31999999999999","utpi"
"18","2","1","70.5199999999992","87.5900000000079","67.1249999999995","89.5983333333409","4.75","5.18388888888903","25.2000000000011","1.43","utpi"
