"ncohort","utype","rtype","bd.sel","od.sel","bd.pts","od.pts","earlystop","overdose","poorall","ov.sel","design"
"12","1","1","34.6000000000017","49.3499999999988","26.5224999999995","39.3708333333331","3.41","1.2","55.8099999999975","0.27","ji3"
"18","1","1","37.0200000000012","52.8399999999981","30.6838888888879","45.2405555555556","4.75","1.03277777777777","54.2099999999978","0.16","ji3"
"12","2","1","33.6800000000019","43.9299999999998","23.588333333333","31.5216666666662","3.1","1.25166666666667","60.2899999999966","0.56","ji3"
"18","2","1","37.5200000000011","47.3399999999992","28.3716666666658","36.6116666666661","4.24","1.11555555555555","57.3199999999972","0.35","ji3"
