"ncohort","utype","rtype","bd.sel","od.sel","bd.pts","od.pts","earlystop","overdose","poorall","ov.sel","design"
"12","1","1","41.2000000000004","55.2099999999976","26.8383333333316","39.4124999999992","9.11","4.24250000000001","48.7799999999989","0.51","tepi"
"18","1","1","42.6100000000001","56.6999999999973","32.0583333333316","45.7661111111105","10.73","4.11666666666671","47.5799999999991","0.21","tepi"
"12","2","1","43.9399999999998","56.3199999999974","27.904166666665","40.1849999999996","8.37","4.23333333333334","46.5099999999993","1.45","tepi"
"18","2","1","46.6299999999993","58.8899999999969","33.3038888888874","47.7188888888882","9.36","4.3733333333334","45.6099999999995","0.64","tepi"
