"ncohort","utype","rtype","bd.sel","od.sel","bd.pts","od.pts","earlystop","overdose","poorall","ov.sel","design"
"12","1","1","35.7700000000015","50.0299999999986","26.8058333333331","39.2658333333331","4.48","1.2375","52.5899999999981","0.3","utpi"
"18","1","1","40.5600000000005","55.6399999999975","31.6549999999991","44.9449999999997","5.9","1.05222222222222","51.6999999999983","0.19","utpi"
"12","2","1","34.0900000000018","43.15","23.9433333333332","31.1191666666664","3.75","1.04166666666667","60.5399999999965","0.39","utpi"
"18","2","1","37.4200000000011","46.1499999999994","28.7072222222215","36.0888888888884","5.47","0.969444444444437","58.249999999997","0.31","utpi"
