"ncohort","utype","rtype","bd.sel","od.sel","bd.pts","od.pts","earlystop","overdose","poorall","ov.sel","design"
"12","1","1","34.0400000000018","49.1299999999988","27.0849999999992","40.0891666666662","1.81","1.50999999999999","53.8699999999979","0.46","boinet"
"18","1","1","37.3300000000011","52.5399999999981","32.3961111111101","45.5711111111111","2.4","1.52722222222223","49.3099999999988","0.26","boinet"
"12","2","1","37.6600000000011","48.6599999999989","24.6824999999992","33.0533333333326","1.51","1.81249999999998","56.8399999999973","1.19","boinet"
"18","2","1","40.5600000000005","52.0999999999982","29.1344444444436","38.5977777777773","2.24","1.88055555555557","53.019999999998","0.880000000000001","boinet"
