"ncohort","utype","rtype","bd.sel","od.sel","bd.pts","od.pts","earlystop","overdose","poorall","ov.sel","design"
"12","1","1","34.1800000000018","49.4399999999987","22.6566666666653","35.5341666666651","2.37","1.77666666666663","58.279999999997","0.56","boin12"
"18","1","1","39.7600000000007","55.7399999999975","25.9922222222214","39.7311111111103","3.95","1.48555555555557","52.1699999999982","0.71","boin12"
"12","2","1","43.03","55.3099999999976","25.1799999999984","33.7099999999985","2.01","2.39999999999998","51.3499999999984","1.86","boin12"
"18","2","1","46.5799999999993","59.6999999999967","28.7861111111099","38.348333333332","2.84","2.16722222222227","45.8499999999994","1.55","boin12"
