"ncohort","utype","rtype","bd.sel","od.sel","bd.pts","od.pts","earlystop","overdose","poorall","ov.sel","design"
"12","1","1","36.5000000000013","51.7399999999983","27.9424999999993","41.3533333333329","1.15","2.47583333333333","49.9299999999986","0.43","ji3"
"18","1","1","40.0300000000006","55.4999999999975","33.3111111111098","47.3111111111111","1.9","2.60666666666668","45.9699999999994","0.21","ji3"
"12","2","1","41.1900000000004","53.5899999999979","25.749166666666","35.8066666666664","1.03","3.00166666666666","52.0899999999982","1.4","ji3"
"18","2","1","43.01","55.7799999999975","30.30611111111","41.4455555555551","1.54","2.80777777777778","47.7399999999991","0.950000000000001","ji3"
