"ncohort","utype","rtype","bd.sel","od.sel","bd.pts","od.pts","earlystop","overdose","poorall","ov.sel","design"
"12","1","1","34.3900000000017","49.0099999999988","23.4941666666654","35.3658333333321","3.89","2.40416666666666","56.1499999999974","0.27","tepi"
"18","1","1","39.5700000000007","55.3799999999976","29.2377777777762","41.9516666666658","4.87","3.25333333333335","48.289999999999","0.33","tepi"
"12","2","1","38.7800000000009","49.5599999999987","24.5224999999988","34.2041666666656","3.52","2.39833333333332","53.5899999999979","1.4","tepi"
"18","2","1","43.8699999999998","56.2899999999974","29.9255555555542","42.8766666666659","4.36","3.22555555555558","46.2199999999994","1.16","tepi"
