"ncohort","utype","rtype","bd.sel","od.sel","bd.pts","od.pts","earlystop","overdose","poorall","ov.sel","design"
"12","1","1","15.4799999999997","32.3200000000021","18.9799999999996","29.7866666666658","0.64","0","63.6499999999959","0","tepi"
"18","1","1","23.3700000000009","40.7200000000005","30.1688888888887","40.9511111111108","1.04","0","46.9799999999992","0","tepi"
"12","2","1","26.0900000000013","32.920000000002","20.1183333333328","24.5683333333326","0.5","0","61.6399999999963","0","tepi"
"18","2","1","34.6100000000017","42.4100000000001","31.7811111111108","36.9116666666663","0.57","0","44.5699999999997","0","tepi"
