"ncohort","utype","rtype","bd.sel","od.sel","bd.pts","od.pts","earlystop","overdose","poorall","ov.sel","design"
"12","1","1","20.8600000000005","37.920000000001","16.8841666666661","30.4408333333327","0.41","0","65.4399999999966","0","utpi"
"18","1","1","24.8200000000011","41.2400000000004","20.1005555555554","33.5788888888883","0.9","0","67.2299999999975","0","utpi"
"12","2","1","24.320000000001","31.3500000000021","16.4308333333327","21.3683333333326","0.44","0","72.5800000000002","0","utpi"
"18","2","1","27.2200000000015","34.8500000000016","20.1333333333331","25.9294444444438","0.6","0","68.6999999999982","0","utpi"
