"ncohort","utype","rtype","bd.sel","od.sel","bd.pts","od.pts","earlystop","overdose","poorall","ov.sel","design"
"12","1","1","26.5900000000014","42.0100000000002","18.2208333333329","31.0066666666658","5.17","0.897500000000004","66.4999999999971","0.23","printe"
"18","1","1","31.0300000000021","47.0099999999992","23.280555555555","37.2861111111109","6.45","0.889444444444436","60.7199999999965","0.13","printe"
"12","2","1","29.6600000000018","38.5300000000009","17.9699999999996","24.8641666666661","4.73","0.955000000000006","67.1299999999974","0.39","printe"
"18","2","1","32.6100000000021","42.0800000000002","21.7966666666663","29.651666666666","5.78","0.941111111111102","62.7799999999961","0.42","printe"
