"ncohort","utype","rtype","bd.sel","od.sel","bd.pts","od.pts","earlystop","overdose","poorall","ov.sel","design"
"12","1","1","42.3500000000001","58.9099999999968","27.1783333333308","43.2983333333323","2.26","5.15916666666672","53.9399999999978","0.6","tepi"
"18","1","1","43.8799999999998","60.8899999999965","31.21222222222","48.9772222222215","3.35","4.49777777777786","49.5799999999987","0.2","tepi"
"12","2","1","44.5899999999997","56.5399999999973","27.7791666666642","41.0166666666657","2.12","5.69416666666674","52.0999999999982","1.08","tepi"
"18","2","1","46.3499999999993","59.2399999999968","32.769999999998","48.9872222222212","2.72","4.93888888888901","46.4499999999993","0.5","tepi"
