"ncohort","utype","rtype","bd.sel","od.sel","bd.pts","od.pts","earlystop","overdose","poorall","ov.sel","design"
"12","1","1","28.7900000000017","44.7199999999997","19.9249999999996","32.9158333333325","2.8","0.873333333333339","63.8399999999959","0.27","utpi"
"18","1","1","33.060000000002","49.6699999999987","23.9288888888884","37.9827777777773","4.05","1.00166666666665","61.2299999999964","0.28","utpi"
"12","2","1","29.4500000000018","38.270000000001","18.9816666666662","25.3583333333326","2.29","1.14333333333334","67.1699999999975","0.61","utpi"
"18","2","1","34.3100000000017","43.29","23.7322222222217","30.9722222222217","3.35","1.05555555555554","62.5099999999961","0.25","utpi"
