"ncohort","utype","rtype","bd.sel","od.sel","bd.pts","od.pts","earlystop","overdose","poorall","ov.sel","design"
"12","1","1","60.6199999999965","77.940000000003","57.9141666666631","78.9616666666674","3.72","5.45500000000016","16.6399999999998","1.62","boin12"
"18","1","1","62.5899999999961","79.910000000004","59.4111111111149","79.8638888888916","4.1","4.54888888888906","16.7699999999998","0.990000000000001","boin12"
"12","2","1","49.6599999999987","79.2700000000036","53.9549999999967","85.3333333333376","3.71","6.49916666666685","20.2500000000004","3.04999999999998","boin12"
"18","2","1","49.6199999999987","80.5400000000043","53.8988888888909","85.5294444444498","4.2","5.26222222222245","20.5600000000004","2.29","boin12"
