"ncohort","utype","rtype","bd.sel","od.sel","bd.pts","od.pts","earlystop","overdose","poorall","ov.sel","design"
"12","1","1","62.3199999999962","76.9100000000024","54.6924999999955","73.8391666666652","4.63","5.46666666666677","36.1600000000014","1.2","printe"
"18","1","1","63.7299999999959","78.2300000000031","53.2116666666662","71.5533333333325","5.11","4.5650000000001","38.9900000000008","0.62","printe"
"12","2","1","55.9299999999974","80.6800000000044","56.5066666666621","85.1150000000043","4.79","5.32666666666676","34.5400000000017","2.43999999999999","printe"
"18","2","1","54.6399999999977","81.3100000000047","53.6305555555552","83.9522222222264","5.23","4.48722222222232","39.3400000000007","1.67","printe"
