"ncohort","utype","rtype","bd.sel","od.sel","bd.pts","od.pts","earlystop","overdose","poorall","ov.sel","design"
"12","1","1","64.7899999999962","79.3600000000037","58.8216666666625","78.381666666667","3.56","5.77833333333344","27.2800000000015","1.31","stein"
"18","1","1","66.4999999999971","81.0400000000046","59.8005555555541","78.5661111111137","4.1","4.67222222222234","24.570000000001","0.71","stein"
"12","2","1","57.8699999999971","82.4800000000053","60.2299999999956","87.9216666666723","3.65","5.6100000000001","26.2400000000013","2.67999999999999","stein"
"18","2","1","58.159999999997","83.850000000006","60.3849999999986","87.7211111111176","4.32","4.50333333333344","24.8200000000011","1.81","stein"
