"ncohort","utype","rtype","bd.sel","od.sel","bd.pts","od.pts","earlystop","overdose","poorall","ov.sel","design"
"12","1","1","51.4899999999983","70.269999999999","24.3549999999965","56.9983333333296","3.25","16.045","73.8500000000009","1.82","tepi"
"18","1","1","52.4199999999981","71.1099999999995","23.2688888888864","53.8438888888865","3.53","13.5861111111117","72.8100000000003","1.12","tepi"
"12","2","1","44.3499999999997","75.6600000000018","24.9674999999965","75.5058333333326","3.22","15.8216666666667","72.7000000000003","3.20999999999998","tepi"
"18","2","1","45.3099999999996","77.3100000000026","23.5672222222199","73.5544444444438","4.01","13.3061111111117","72.1","1.81","tepi"
