"ncohort","utype","rtype","bd.sel","od.sel","bd.pts","od.pts","earlystop","overdose","poorall","ov.sel","design"
"12","1","1","65.0899999999964","80.1700000000041","59.9424999999961","79.6791666666675","3.49","5.25500000000008","26.5500000000014","1.19","utpi"
"18","1","1","66.7899999999973","80.7400000000044","61.5994444444435","80.0722222222251","4.2","4.25722222222232","25.2200000000011","0.8","utpi"
"12","2","1","57.6099999999971","82.6900000000054","59.661666666662","87.6025000000052","3.92","5.04500000000007","28.8400000000017","2.11","utpi"
"18","2","1","59.7599999999967","84.1600000000061","60.2194444444432","87.8944444444513","3.9","4.68555555555568","29.5000000000018","1.83","utpi"
