"ncohort","utype","rtype","bd.sel","od.sel","bd.pts","od.pts","earlystop","overdose","poorall","ov.sel","design"
"12","1","1","62.3299999999962","79.4100000000037","59.7708333333294","80.118333333335","3.72","4.56416666666676","16.1599999999997","1.23","boin12"
"18","1","1","62.6799999999961","80.8300000000044","61.0250000000045","81.1944444444479","3.93","3.89666666666679","17.4799999999999","0.860000000000001","boin12"
"12","2","1","50.8899999999984","79.7200000000039","54.096666666663","84.6250000000041","3.68","5.67833333333349","20.4300000000004","2.68999999999999","boin12"
"18","2","1","51.7299999999983","81.930000000005","54.9677777777799","85.1944444444492","4","4.75944444444462","21.4000000000005","2.12","boin12"
