"ncohort","utype","rtype","bd.sel","od.sel","bd.pts","od.pts","earlystop","overdose","poorall","ov.sel","design"
"12","1","1","65.0899999999964","79.8500000000039","61.3216666666614","78.443333333334","4.43","3.72666666666668","30.900000000002","0.830000000000001","printe"
"18","1","1","66.0199999999969","80.1400000000041","59.7394444444435","76.1472222222231","4.96","3.3294444444445","33.190000000002","0.49","printe"
"12","2","1","59.8899999999967","81.880000000005","62.9174999999945","86.1100000000053","4.85","3.55000000000001","29.8600000000019","1.97","printe"
"18","2","1","58.109999999997","81.6500000000049","59.324999999999","84.4988888888938","5.35","3.37055555555561","34.1200000000018","1.57","printe"
