"ncohort","utype","rtype","bd.sel","od.sel","bd.pts","od.pts","earlystop","overdose","poorall","ov.sel","design"
"12","1","1","67.7999999999978","81.7200000000049","64.9149999999953","82.3475000000023","3.4","3.82","24.510000000001","0.950000000000001","utpi"
"18","1","1","68.7799999999983","82.6200000000054","64.9983333333324","81.7911111111147","3.67","3.18000000000005","24.7700000000011","0.59","utpi"
"12","2","1","62.3999999999962","84.8000000000065","64.2208333333282","88.7100000000062","3.65","4.23916666666669","26.3700000000013","1.92","utpi"
"18","2","1","62.5899999999961","84.9600000000066","63.4533333333316","87.8177777777846","3.77","3.39055555555561","27.6300000000015","1.13","utpi"
