"ncohort","utype","rtype","bd.sel","od.sel","bd.pts","od.pts","earlystop","overdose","poorall","ov.sel","design"
"12","1","1","55.5299999999975","71.6899999999998","45.9874999999972","61.6474999999973","3.49","3.63333333333334","36.6600000000013","0.72","boinet"
"18","1","1","57.6999999999971","74.080000000001","48.5994444444457","64.3738888888913","4.3","3.2344444444445","36.1700000000014","0.58","boinet"
"12","2","1","54.1599999999978","71.8199999999998","45.3041666666641","60.279166666664","3.31","3.8175","36.8000000000012","1.52","boinet"
"18","2","1","54.0899999999978","72.5900000000002","46.7627777777784","62.7861111111143","4.77","3.1994444444445","37.950000000001","0.960000000000001","boinet"
