"ncohort","utype","rtype","bd.sel","od.sel","bd.pts","od.pts","earlystop","overdose","poorall","ov.sel","design"
"12","1","1","53.7099999999979","71.0399999999994","44.5933333333299","60.9358333333299","4.01","5.11916666666673","42.0600000000002","1.04","ji3"
"18","1","1","53.9699999999978","71.5599999999997","45.1683333333343","61.892777777781","4.72","4.46777777777786","43.28","0.47","ji3"
"12","2","1","51.5499999999983","70.4599999999991","43.8441666666633","60.7191666666633","3.59","5.22666666666674","42.6700000000001","1.94","ji3"
"18","2","1","50.5799999999985","70.4099999999991","43.8522222222231","61.9016666666712","4.56","4.51222222222231","43.8699999999998","1.28","ji3"
