"ncohort","utype","rtype","bd.sel","od.sel","bd.pts","od.pts","earlystop","overdose","poorall","ov.sel","design"
"12","1","1","55.9099999999974","72.2600000000001","46.5549999999974","62.0574999999975","4.71","3.12833333333332","33.130000000002","0.870000000000001","stein"
"18","1","1","57.0799999999972","73.2300000000006","49.1288888888904","64.8022222222248","6.41","2.67388888888892","30.990000000002","0.66","stein"
"12","2","1","54.6999999999977","70.8199999999993","45.604166666664","59.3333333333307","4.48","3.18583333333333","34.4100000000017","1.56","stein"
"18","2","1","53.5799999999979","71.5799999999997","46.5566666666674","61.8072222222254","6.19","2.63722222222226","34.4500000000017","1.06","stein"
