"ncohort","utype","rtype","bd.sel","od.sel","bd.pts","od.pts","earlystop","overdose","poorall","ov.sel","design"
"12","1","1","56.3499999999974","72.3400000000001","47.0083333333307","62.3658333333305","3.62","3.04416666666666","33.170000000002","0.840000000000001","utpi"
"18","1","1","59.2299999999968","75.7700000000019","50.6588888888902","66.4627777777802","4.2","2.69388888888892","32.4400000000021","0.52","utpi"
"12","2","1","54.7399999999977","71.0899999999995","46.3149999999973","60.2191666666638","3.44","3.37833333333333","36.1400000000014","1.54","utpi"
"18","2","1","55.6699999999975","73.8500000000009","48.2961111111121","64.1944444444479","4.03","2.95666666666672","36.5800000000013","0.970000000000001","utpi"
