"ncohort","utype","rtype","bd.sel","od.sel","bd.pts","od.pts","earlystop","overdose","poorall","ov.sel","design"
"12","1","1","57.999999999997","72.0099999999999","44.8724999999986","58.4899999999991","2.98","4.4450000000001","23.5400000000009","1.48","boin12"
"18","1","1","60.0099999999966","74.000000000001","48.3494444444446","61.6650000000014","4.24","3.67888888888899","22.1300000000007","1.16","boin12"
"12","2","1","50.7099999999985","74.7500000000013","42.1674999999988","61.7274999999992","2.99","5.95083333333352","25.9600000000013","3.91999999999996","boin12"
"18","2","1","51.7599999999983","76.3900000000022","44.9527777777773","64.6827777777799","3.94","5.13277777777796","25.2800000000012","3.20999999999998","boin12"
