"ncohort","utype","rtype","bd.sel","od.sel","bd.pts","od.pts","earlystop","overdose","poorall","ov.sel","design"
"12","1","1","56.5499999999973","68.7399999999983","45.8358333333298","58.0741666666633","2.51","5.18500000000006","39.6900000000007","1.09","printe"
"18","1","1","58.099999999997","71.1099999999995","47.1916666666683","59.4677777777804","2.88","4.62888888888896","39.9100000000006","0.55","printe"
"12","2","1","52.8199999999981","72.21","43.822499999997","60.7566666666635","2.3","5.32166666666673","41.0800000000004","2.86999999999998","printe"
"18","2","1","52.929999999998","73.3700000000006","45.1405555555565","63.6922222222268","3.06","4.97055555555564","41.0600000000004","2.43999999999999","printe"
