"ncohort","utype","rtype","bd.sel","od.sel","bd.pts","od.pts","earlystop","overdose","poorall","ov.sel","design"
"12","1","1","56.8399999999973","70.109999999999","45.4624999999986","58.1333333333319","6.53","4.09166666666673","25.6200000000012","1.23","boin12"
"18","1","1","59.3899999999968","73.1900000000005","49.2066666666666","62.2222222222235","6.98","3.29333333333343","24.7200000000011","1.01","boin12"
"12","2","1","50.5899999999985","74.020000000001","43.8166666666653","62.013333333332","5.85","5.2541666666668","26.0000000000013","3.50999999999997","boin12"
"18","2","1","52.4999999999981","76.9000000000024","46.7277777777773","66.0377777777802","6.9","4.4916666666668","26.1800000000013","2.55999999999999","boin12"
