"ncohort","utype","rtype","bd.sel","od.sel","bd.pts","od.pts","earlystop","overdose","poorall","ov.sel","design"
"12","1","1","58.369999999997","70.5699999999992","49.1174999999963","60.9333333333293","3.15","4.56166666666669","37.800000000001","0.860000000000001","ji3"
"18","1","1","58.9299999999968","71.0899999999995","50.7305555555587","62.5805555555598","4.15","4.34611111111115","37.2900000000012","0.53","ji3"
"12","2","1","53.289999999998","71.5999999999997","46.8049999999965","62.3808333333295","3.44","4.90333333333335","40.3400000000005","2.59999999999999","ji3"
"18","2","1","54.0299999999978","72.8500000000004","47.9966666666691","64.7283333333389","4.18","4.3216666666667","39.6200000000007","1.72","ji3"
