"ncohort","utype","rtype","bd.sel","od.sel","bd.pts","od.pts","earlystop","overdose","poorall","ov.sel","design"
"12","1","1","58.6699999999969","70.6299999999992","50.2341666666629","61.5508333333291","3.61","3.26083333333334","36.8200000000012","0.67","printe"
"18","1","1","60.4699999999965","71.7399999999998","52.5611111111143","63.4783333333374","4.56","2.93500000000002","35.8800000000014","0.47","printe"
"12","2","1","54.9499999999976","72.19","47.7616666666634","62.1191666666629","3.58","3.40166666666667","39.2400000000008","2.12","printe"
"18","2","1","55.0999999999976","72.7900000000003","48.7683333333357","64.0388888888943","4.81","2.97944444444446","39.2500000000008","1.49","printe"
