"ncohort","utype","rtype","bd.sel","od.sel","bd.pts","od.pts","earlystop","overdose","poorall","ov.sel","design"
"12","1","1","63.6599999999959","74.7100000000013","48.5966666666629","68.9541666666636","2.89","10.2366666666667","44.0799999999998","1.35","boinet"
"18","1","1","65.0899999999964","76.000000000002","48.2394444444439","67.0938888888862","3.7","8.36444444444471","43.9399999999998","0.870000000000001","boinet"
"12","2","1","53.6299999999979","79.3700000000037","50.779999999996","85.508333333338","3.27","10.335","42.1200000000002","4.13999999999996","boinet"
"18","2","1","53.6599999999979","80.7100000000044","49.9488888888884","84.7127777777828","4.01","8.18500000000024","42.97","2.70999999999999","boinet"
