"ncohort","utype","rtype","bd.sel","od.sel","bd.pts","od.pts","earlystop","overdose","poorall","ov.sel","design"
"12","1","1","66.4699999999971","77.2300000000026","58.4549999999959","74.190833333332","3.15","5.73000000000007","27.9300000000016","1.35","stein"
"18","1","1","68.3399999999981","79.4300000000037","58.6544444444429","73.7883333333335","3.14","4.48166666666675","26.4900000000013","0.73","stein"
"12","2","1","58.009999999997","81.920000000005","60.4533333333292","87.4666666666722","3.71","5.41916666666674","26.5000000000013","3.13999999999998","stein"
"18","2","1","58.279999999997","83.7300000000059","60.3911111111096","87.7400000000066","3.95","4.33666666666675","25.2300000000011","2.37999999999999","stein"
