"ncohort","utype","rtype","bd.sel","od.sel","bd.pts","od.pts","earlystop","overdose","poorall","ov.sel","design"
"12","1","1","56.7599999999973","69.9599999999989","27.8341666666636","53.0049999999965","2.96","13.8974999999999","66.0599999999969","1.74","tepi"
"18","1","1","57.3999999999971","70.9399999999994","25.3616666666637","49.1727777777759","3.01","12.2766666666671","71.7899999999998","0.930000000000001","tepi"
"12","2","1","46.1699999999994","76.3000000000021","28.7166666666635","75.3983333333323","3.47","13.4233333333332","64.9299999999963","3.73999999999996","tepi"
"18","2","1","46.8199999999993","78.100000000003","26.1638888888857","74.3955555555552","3.7","12.3011111111115","70.8699999999994","2.38999999999999","tepi"
