"ncohort","utype","rtype","bd.sel","od.sel","bd.pts","od.pts","earlystop","overdose","poorall","ov.sel","design"
"12","1","1","64.9899999999963","76.130000000002","53.0366666666634","73.1758333333317","3.33","9.22666666666672","31.3000000000021","1.65","utpi"
"18","1","1","67.2499999999975","78.5100000000033","56.4822222222213","74.2983333333337","3.14","7.07666666666694","27.2700000000015","1.04","utpi"
"12","2","1","53.4899999999979","80.3900000000042","52.0541666666628","86.1725000000049","3.44","8.80250000000011","37.5900000000011","3.50999999999997","utpi"
"18","2","1","56.5999999999973","83.1200000000056","54.3255555555548","86.7711111111172","3.93","6.93722222222244","34.8400000000016","2.29999999999999","utpi"
