"ncohort","utype","rtype","bd.sel","od.sel","bd.pts","od.pts","earlystop","overdose","poorall","ov.sel","design"
"12","1","1","54.8399999999977","68.4199999999981","43.6874999999967","56.7874999999967","1.03","5.9650000000001","40.4100000000005","1.14","boinet"
"18","1","1","55.5399999999975","69.6799999999987","44.4238888888897","57.1433333333354","1.94","5.63666666666679","42.7700000000001","0.64","boinet"
"12","2","1","50.6799999999985","70.8799999999994","41.9983333333304","60.8141666666639","1.39","6.57833333333347","41.3600000000003","3.76999999999996","boinet"
"18","2","1","51.6899999999983","73.0100000000004","43.3561111111117","63.4794444444489","1.96","5.83444444444459","41.9400000000002","2.57999999999999","boinet"
