"ncohort","utype","rtype","bd.sel","od.sel","bd.pts","od.pts","earlystop","overdose","poorall","ov.sel","design"
"12","1","1","53.3899999999979","67.1699999999975","40.1883333333295","54.1791666666633","1.11","8.72500000000004","47.1699999999992","1.13","ji3"
"18","1","1","55.4699999999975","69.2199999999985","40.5922222222222","54.5255555555574","1.43","8.50444444444463","47.0399999999992","0.76","ji3"
"12","2","1","48.5299999999989","69.8999999999989","39.1599999999967","60.1766666666641","1.27","9.92333333333331","46.5299999999993","4.33999999999995","ji3"
"18","2","1","50.4599999999985","72.0299999999999","40.2833333333331","61.9916666666712","1.41","9.1016666666669","45.5899999999995","2.90999999999998","ji3"
