"ncohort","utype","rtype","bd.sel","od.sel","bd.pts","od.pts","earlystop","overdose","poorall","ov.sel","design"
"12","1","1","54.3999999999977","67.8699999999978","42.1258333333299","55.35583333333","1.38","6.50083333333342","43.4199999999999","1.04","printe"
"18","1","1","57.0999999999972","70.5199999999992","43.101666666667","55.852222222224","1.55","6.15611111111123","43.5099999999999","0.66","printe"
"12","2","1","50.2199999999986","70.9699999999994","40.9633333333304","60.1658333333307","1.43","7.31083333333342","42.97","3.58999999999997","printe"
"18","2","1","51.0299999999984","72.2","41.8538888888887","62.0750000000043","1.64","6.57833333333346","43.3899999999999","2.62999999999999","printe"
