"ncohort","utype","rtype","bd.sel","od.sel","bd.pts","od.pts","earlystop","overdose","poorall","ov.sel","design"
"12","1","1","53.149999999998","68.269999999998","32.1183333333305","45.3124999999973","1.66","7.13750000000012","50.6999999999985","0.920000000000001","tepi"
"18","1","1","54.8999999999976","69.2099999999985","30.4883333333307","42.5933333333325","1.95","7.77833333333351","57.1499999999972","0.61","tepi"
"12","2","1","50.2799999999986","73.0400000000005","35.1699999999972","59.2124999999969","1.61","7.0625000000001","45.8099999999995","3.16999999999998","tepi"
"18","2","1","50.9699999999984","74.100000000001","34.3138888888866","60.6233333333363","2.1","8.07055555555574","50.8799999999984","2.29","tepi"
