"ncohort","utype","rtype","bd.sel","od.sel","bd.pts","od.pts","earlystop","overdose","poorall","ov.sel","design"
"12","1","1","24.210000000001","38.5300000000009","16.4574999999998","28.4574999999993","15.03","0.547500000000002","70.8999999999994","0.19","printe"
"18","1","1","27.4600000000015","41.8600000000002","20.6272222222219","33.3127777777774","16.92","0.595555555555551","66.7299999999972","0.13","printe"
"12","2","1","24.9500000000011","33.010000000002","15.7424999999998","21.2674999999996","14.65","0.60166666666667","72.5800000000002","0.43","printe"
"18","2","1","27.6800000000015","36.0000000000014","18.9166666666666","25.5211111111107","16.02","0.602222222222217","68.9499999999984","0.24","printe"
