"ncohort","utype","rtype","bd.sel","od.sel","bd.pts","od.pts","earlystop","overdose","poorall","ov.sel","design"
"12","1","1","42.0200000000002","57.899999999997","27.5266666666639","43.3458333333324","5.72","4.8541666666667","53.209999999998","0.36","tepi"
"18","1","1","44.2899999999998","59.8599999999967","32.6361111111092","49.7088888888883","7.09","4.5811111111112","47.3999999999991","0.29","tepi"
"12","2","1","44.1699999999998","55.9099999999974","28.3433333333306","41.7249999999989","5.52","5.5533333333334","51.2299999999984","0.970000000000001","tepi"
"18","2","1","45.7799999999995","57.899999999997","33.3599999999982","49.0377777777768","6.62","4.91444444444457","46.8499999999992","0.45","tepi"
