"ncohort","utype","rtype","bd.sel","od.sel","bd.pts","od.pts","earlystop","overdose","poorall","ov.sel","design"
"12","1","1","46.4499999999993","62.3299999999962","32.4741666666652","46.3624999999987","2.82","3.05583333333334","39.7500000000007","1.05","boin12"
"18","1","1","51.4299999999983","66.9699999999974","36.4933333333317","50.3699999999995","4.15","2.70833333333342","34.0300000000018","0.900000000000001","boin12"
"12","2","1","48.8799999999988","67.3699999999976","32.9016666666652","45.8616666666658","2.18","4.34416666666675","36.0900000000014","2.77999999999998","boin12"
"18","2","1","51.5799999999983","70.8599999999993","36.5199999999982","50.4455555555556","3.24","4.04222222222234","32.800000000002","2.46999999999999","boin12"
