"ncohort","utype","rtype","bd.sel","od.sel","bd.pts","od.pts","earlystop","overdose","poorall","ov.sel","design"
"12","1","1","46.0899999999994","60.8499999999965","35.6541666666647","48.6391666666647","1.46","4.92750000000003","47.0799999999992","0.840000000000001","ji3"
"18","1","1","47.2999999999992","62.6899999999961","38.4116666666667","51.6944444444459","1.92","4.57222222222226","44.4899999999997","0.68","ji3"
"12","2","1","46.0699999999994","62.7799999999961","32.6616666666646","45.8208333333319","1.2","5.65333333333337","49.4199999999987","2.52999999999999","ji3"
"18","2","1","47.0899999999992","64.6199999999962","35.4133333333328","49.8744444444461","1.85","5.37000000000008","46.8599999999992","2.01","ji3"
