"ncohort","utype","rtype","bd.sel","od.sel","bd.pts","od.pts","earlystop","overdose","poorall","ov.sel","design"
"12","1","1","45.1699999999996","59.7399999999967","35.6149999999983","48.8849999999984","2.98","2.65583333333333","44.4999999999997","0.64","stein"
"18","1","1","47.969999999999","62.8999999999961","39.7011111111112","53.3588888888904","4.61","2.24666666666669","40.7800000000005","0.47","stein"
"12","2","1","45.2299999999996","59.9299999999966","32.5974999999984","44.1549999999987","2.87","3.06416666666667","47.6599999999991","1.84","stein"
"18","2","1","47.2899999999992","62.2799999999962","35.7294444444442","47.6066666666678","4.26","2.5816666666667","44.8199999999997","1.53","stein"
