"ncohort","utype","rtype","bd.sel","od.sel","bd.pts","od.pts","earlystop","overdose","poorall","ov.sel","design"
"12","1","1","47.0099999999992","61.9999999999962","35.2949999999987","48.6583333333321","2","3.07666666666667","36.9000000000012","0.830000000000001","utpi"
"18","1","1","49.3499999999988","64.319999999996","38.4111111111106","52.4144444444454","2.51","2.77833333333337","39.3900000000007","0.820000000000001","utpi"
"12","2","1","45.3999999999995","60.4399999999965","33.2616666666649","44.7191666666655","1.68","3.11833333333334","48.6799999999989","2.07","utpi"
"18","2","1","48.5799999999989","62.8499999999961","37.3833333333331","49.3400000000013","2.27","2.73555555555559","46.0099999999994","1.35","utpi"
