"ncohort","utype","rtype","bd.sel","od.sel","bd.pts","od.pts","earlystop","overdose","poorall","ov.sel","design"
"12","1","1","69.4699999999986","77.8600000000029","61.0583333333287","74.2416666666652","3.14","5.18166666666675","29.3400000000018","1.02","stein"
"18","1","1","70.7899999999993","79.0000000000035","61.0055555555543","73.0044444444444","3.53","4.17888888888896","27.8000000000015","0.59","stein"
"12","2","1","58.139999999997","81.7700000000049","61.3291666666619","87.3441666666723","3.79","5.11083333333341","29.2900000000018","3.13999999999998","stein"
"18","2","1","60.4899999999965","83.900000000006","62.6361111111097","87.694444444451","4.1","4.01722222222228","26.8900000000014","2.39999999999999","stein"
