"ncohort","utype","rtype","bd.sel","od.sel","bd.pts","od.pts","earlystop","overdose","poorall","ov.sel","design"
"12","1","1","62.2599999999962","72.9500000000004","31.284999999997","49.1649999999966","3.04","9.71333333333331","59.0999999999968","1.15","tepi"
"18","1","1","62.7399999999961","73.5100000000007","27.2772222222194","44.4238888888869","3.48","9.37222222222248","66.239999999997","0.65","tepi"
"12","2","1","47.6999999999991","78.080000000003","31.9533333333304","74.4533333333319","3.69","8.95750000000006","58.159999999997","3.16999999999998","tepi"
"18","2","1","48.139999999999","78.8300000000034","27.7455555555526","72.4483333333324","4.03","9.35666666666692","65.9799999999968","2.35999999999999","tepi"
