"ncohort","utype","rtype","bd.sel","od.sel","bd.pts","od.pts","earlystop","overdose","poorall","ov.sel","design"
"12","1","1","69.2699999999985","77.7200000000029","60.5908333333295","75.0608333333322","2.89","5.86250000000013","24.7300000000011","1.31","utpi"
"18","1","1","71.0799999999995","79.7400000000039","62.5466666666656","76.2794444444459","3.05","4.89277777777788","22.7100000000008","0.81","utpi"
"12","2","1","59.5099999999967","82.8500000000055","61.2149999999953","87.3608333333391","3.31","5.23333333333341","29.6900000000018","2.73999999999999","utpi"
"18","2","1","59.7899999999967","83.1000000000056","60.2461111111099","86.9155555555618","3.89","4.80111111111122","30.2900000000019","1.91","utpi"
