"ncohort","utype","rtype","bd.sel","od.sel","bd.pts","od.pts","earlystop","overdose","poorall","ov.sel","design"
"12","1","1","44.7299999999997","62.4399999999961","29.8474999999989","44.6283333333324","4.11","2.48416666666664","40.5900000000005","0.910000000000001","boin12"
"18","1","1","48.5699999999989","66.4599999999971","33.5622222222205","48.911666666666","6.08","2.39111111111119","37.2600000000012","0.820000000000001","boin12"
"12","2","1","48.179999999999","63.5599999999959","30.7508333333321","41.5749999999988","3.58","3.36583333333335","37.3500000000011","1.66","boin12"
"18","2","1","49.8199999999987","66.8999999999973","34.2894444444428","46.6016666666661","4.98","3.26222222222233","34.8100000000016","1.41","boin12"
