"ncohort","utype","rtype","bd.sel","od.sel","bd.pts","od.pts","earlystop","overdose","poorall","ov.sel","design"
"12","1","1","43.25","59.7799999999967","32.1649999999986","46.852499999999","4.65","2.02833333333332","46.8999999999992","0.59","stein"
"18","1","1","44.5399999999997","61.7299999999963","34.6811111111106","50.4405555555561","6.57","1.85944444444445","44.9499999999996","0.37","stein"
"12","2","1","42.0300000000002","54.6999999999977","29.553333333332","39.4791666666655","4.53","2.18916666666665","50.7299999999985","1.09","stein"
"18","2","1","45.0799999999996","58.119999999997","33.4249999999996","43.9088888888892","5.79","1.90333333333334","46.4899999999993","0.72","stein"
