"ncohort","utype","rtype","bd.sel","od.sel","bd.pts","od.pts","earlystop","overdose","poorall","ov.sel","design"
"12","1","1","46.4899999999993","66.7099999999972","26.7941666666639","43.9458333333311","2.61","9.15750000000018","62.2899999999962","1.2","tepi"
"18","1","1","48.259999999999","68.5199999999981","27.9733333333311","46.6883333333325","3.29","8.37111111111144","58.7299999999969","0.52","tepi"
"12","2","1","46.8099999999993","64.8999999999963","27.7449999999971","45.7733333333312","2.96","9.96416666666679","60.2299999999966","2.12","tepi"
"18","2","1","47.4299999999991","67.2599999999975","29.0899999999979","50.975","3.11","8.80944444444482","56.8199999999973","1.07","tepi"
