"ncohort","utype","rtype","bd.sel","od.sel","bd.pts","od.pts","earlystop","overdose","poorall","ov.sel","design"
"12","1","1","47.4399999999991","60.5399999999965","37.9524999999987","49.9924999999983","4.84","1.41083333333333","46.6199999999993","0.38","boinet"
"18","1","1","49.0199999999988","62.2599999999962","41.6977777777786","54.1900000000024","5.78","1.22111111111111","44.9599999999996","0.22","boinet"
"12","2","1","45.3799999999995","56.3799999999974","33.6916666666654","42.3083333333321","4.62","1.43083333333332","51.9899999999982","0.970000000000001","boinet"
"18","2","1","46.3799999999993","57.6899999999971","36.7961111111114","46.2194444444462","5.54","1.23555555555555","51.3099999999984","0.72","boinet"
