"ncohort","utype","rtype","bd.sel","od.sel","bd.pts","od.pts","earlystop","overdose","poorall","ov.sel","design"
"12","1","1","48.7699999999989","62.2199999999962","38.9149999999985","51.3083333333317","3.85","2.11416666666666","44.0599999999998","0.59","ji3"
"18","1","1","49.7599999999987","63.8899999999959","42.7538888888901","55.5794444444473","5.06","1.64833333333333","42.6100000000001","0.23","ji3"
"12","2","1","46.0899999999994","58.8599999999969","34.6166666666653","44.8233333333321","3.17","2.12499999999999","49.2799999999988","1.09","ji3"
"18","2","1","48.229999999999","61.3699999999964","38.7116666666675","49.5477777777802","4.13","1.785","47.0399999999992","0.910000000000001","ji3"
