"ncohort","utype","rtype","bd.sel","od.sel","bd.pts","od.pts","earlystop","overdose","poorall","ov.sel","design"
"12","1","1","43.8899999999998","56.3599999999974","35.4516666666652","47.0983333333315","11.21","1.16416666666667","49.3499999999988","0.4","stein"
"18","1","1","44.5299999999997","57.6599999999971","38.8711111111117","51.2411111111131","13.21","0.869999999999993","48.5999999999989","0.09","stein"
"12","2","1","41.1000000000004","52.3999999999981","31.0374999999987","39.9683333333319","10.24","1.2725","55.2899999999976","0.940000000000001","stein"
"18","2","1","42.3600000000001","53.3799999999979","34.2322222222224","43.4322222222236","12.23","0.94777777777777","53.8799999999978","0.68","stein"
