"ncohort","utype","rtype","bd.sel","od.sel","bd.pts","od.pts","earlystop","overdose","poorall","ov.sel","design"
"12","1","1","48.7899999999989","62.5999999999961","37.1583333333323","49.3999999999988","5.01","1.83666666666665","40.1500000000006","0.66","utpi"
"18","1","1","51.3599999999984","66.4499999999971","41.5627777777782","55.2411111111132","5.64","1.85055555555557","40.2600000000006","0.53","utpi"
"12","2","1","45.2399999999996","56.7199999999973","33.1524999999988","42.3249999999989","4.65","1.39999999999999","51.5999999999983","0.860000000000001","utpi"
"18","2","1","47.5999999999991","59.5699999999967","38.009444444445","48.1683333333351","5.51","1.30055555555556","48.6999999999989","0.54","utpi"
