"ncohort","utype","rtype","bd.sel","od.sel","bd.pts","od.pts","earlystop","overdose","poorall","ov.sel","design"
"12","1","1","31.7600000000022","46.6399999999993","23.6358333333329","36.7441666666659","5.13","0.80666666666667","61.5499999999963","0.29","boinet"
"18","1","1","35.5400000000015","50.1899999999986","28.9916666666658","42.0894444444445","6.45","0.728333333333329","57.3099999999972","0.15","boinet"
"12","2","1","32.880000000002","42.0600000000002","21.3116666666663","28.091666666666","4.98","0.765833333333337","65.7299999999967","0.54","boinet"
"18","2","1","35.1800000000016","44.7499999999997","25.0899999999994","32.7533333333328","6.01","0.604999999999997","62.8299999999961","0.28","boinet"
