"ncohort","utype","rtype","bd.sel","od.sel","bd.pts","od.pts","earlystop","overdose","poorall","ov.sel","design"
"12","1","1","37.820000000001","52.1799999999982","23.7091666666654","35.7216666666654","10.97","1.60499999999997","54.6299999999977","0.5","boin12"
"18","1","1","41.9300000000002","56.2399999999974","28.1072222222214","40.6655555555548","13.05","1.47000000000002","48.3499999999989","0.38","boin12"
"12","2","1","44.8799999999996","57.1699999999972","26.0049999999987","34.5758333333319","7.6","2.09249999999996","47.7799999999991","1.68","boin12"
"18","2","1","47.7099999999991","60.8399999999965","30.7366666666654","40.142777777777","10","2.04611111111116","42.0600000000002","1.5","boin12"
