"ncohort","utype","rtype","bd.sel","od.sel","bd.pts","od.pts","earlystop","overdose","poorall","ov.sel","design"
"12","1","1","35.8500000000014","49.6599999999987","27.2008333333329","39.3166666666664","3.69","1.30333333333333","53.8599999999979","0.33","ji3"
"18","1","1","39.6200000000007","53.9199999999978","32.2244444444436","45.2772222222223","4.89","1.12333333333333","50.7399999999985","0.25","ji3"
"12","2","1","35.9800000000014","46.1199999999994","23.9216666666664","31.6066666666663","3.08","1.185","58.5199999999969","0.68","ji3"
"18","2","1","38.3200000000009","49.1799999999988","28.0111111111103","36.8422222222217","4.11","1.065","56.4799999999973","0.61","ji3"
