"ncohort","utype","rtype","bd.sel","od.sel","bd.pts","od.pts","earlystop","overdose","poorall","ov.sel","design"
"12","1","1","30.550000000002","44.0199999999998","22.9241666666663","34.7683333333326","12.82","0.735000000000003","63.039999999996","0.2","stein"
"18","1","1","32.4400000000021","45.6599999999995","26.6749999999994","38.8361111111108","15.68","0.554444444444442","61.0399999999964","0.1","stein"
"12","2","1","30.930000000002","39.5600000000007","19.9066666666663","26.4758333333328","10.73","0.606666666666669","68.0599999999979","0.26","stein"
"18","2","1","30.660000000002","40.0000000000006","22.2777777777774","29.8099999999996","13.17","0.530555555555553","66.8699999999973","0.27","stein"
