"ncohort","utype","rtype","bd.sel","od.sel","bd.pts","od.pts","earlystop","overdose","poorall","ov.sel","design"
"12","1","1","35.8800000000014","50.9899999999984","24.8524999999996","37.2799999999995","6.24","1.15916666666667","53.4999999999979","0.44","utpi"
"18","1","1","41.2700000000004","56.9399999999972","30.4211111111103","44.2949999999999","7.41","1.09666666666667","50.9299999999984","0.46","utpi"
"12","2","1","33.3500000000019","42.7000000000001","21.295833333333","28.1724999999995","5.14","0.790000000000004","64.9699999999963","0.54","utpi"
"18","2","1","36.1800000000014","45.9699999999994","26.0011111111106","33.8849999999996","6.31","0.71444444444444","61.0799999999964","0.31","utpi"
