ncohort,utype,rtype,bd.sel,od.sel,bd.pts,od.pts,earlystop,overdose,poorall,ov.sel,design
36,1,1,29.9000000000003,53.2999999999991,25.4583333333334,45.6305555555557,2.25,2.37083333333333,60.1999999999987,0.2,boinet
36,2,1,31.2000000000003,49.9999999999993,24.7833333333334,40.2180555555555,2.2,2.20972222222222,60.4499999999987,0.6,boinet
18,1,1,27.2700000000015,50.5799999999985,20.6299999999995,39.2988888888883,1.06,2.62500000000001,59.1699999999968,0.45,boinet
18,2,1,27.7900000000015,46.3399999999993,19.5049999999998,32.4472222222219,1,2.91444444444446,59.2599999999968,1.23,boinet
