ncohort,utype,rtype,bd.sel,od.sel,bd.pts,od.pts,earlystop,overdose,poorall,ov.sel,design
36,1,1,34.2500000000002,63.5999999999985,24.1055555555556,45.8402777777779,2.65,1.51805555555555,44.1499999999996,0.4,boin12
36,2,1,36.1000000000001,64.9999999999985,25.6666666666667,44.2472222222222,2.75,2.72083333333336,40.4999999999998,1.5,boin12
18,1,1,32.2400000000022,56.9999999999972,20.5633333333327,39.3988888888879,1.27,2.10833333333337,41.2700000000004,0.66,boin12
18,2,1,33.7600000000019,60.2999999999966,21.2338888888881,37.7783333333323,0.98,3.52777777777783,35.4200000000015,2.08,boin12
