ncohort,utype,rtype,bd.sel,od.sel,bd.pts,od.pts,earlystop,overdose,poorall,ov.sel,design
36,1,1,31.1500000000003,55.399999999999,26.0847222222223,46.4583333333334,1.3,2.8888888888889,59.5999999999988,0,ji3
36,2,1,30.0000000000003,51.6499999999992,23.2166666666667,39.9263888888889,1.25,3.41666666666668,61.7499999999986,0.6,ji3
18,1,1,29.1900000000018,52.2199999999982,21.756666666666,39.8927777777771,0.54,3.4577777777778,55.9499999999974,0.63,ji3
18,2,1,28.2500000000016,47.7899999999991,19.8644444444441,33.0894444444441,0.6,3.93388888888891,57.929999999997,1.45,ji3
