ncohort,utype,rtype,bd.sel,od.sel,bd.pts,od.pts,earlystop,overdose,poorall,ov.sel,design
36,1,1,31.9000000000003,55.149999999999,23.5944444444445,43.5375,4.45,0.645833333333332,57.7499999999989,0.05,stein
36,2,1,28.7000000000003,45.5999999999995,19.7597222222222,31.9861111111112,4.65,0.566666666666666,62.3499999999986,0.45,stein
18,1,1,25.2400000000011,46.8599999999992,17.2716666666668,34.1222222222219,2.46,0.635555555555553,59.8699999999967,0.28,stein
18,2,1,25.8100000000012,40.2900000000006,15.4838888888893,24.7705555555552,2.48,0.802777777777773,62.3099999999962,0.79,stein
