ncohort,utype,rtype,bd.sel,od.sel,bd.pts,od.pts,earlystop,overdose,poorall,ov.sel,design
36,1,1,31.1000000000003,56.5499999999989,23.2152777777778,44.8472222222223,1.95,1.95416666666666,57.9499999999988,0.3,utpi
36,2,1,29.4500000000003,51.4499999999992,23.2236111111111,40.2013888888889,1.35,2.09583333333333,63.7499999999985,0.65,utpi
18,1,1,28.1200000000016,51.3799999999983,20.2144444444441,38.4277777777771,1.07,2.35166666666668,52.979999999998,0.6,utpi
18,2,1,27.8800000000016,46.2799999999994,19.4344444444442,32.0038888888885,0.91,2.80055555555558,58.4099999999969,1.62,utpi
18,1,1,28.1200000000016,51.3799999999983,20.2144444444441,38.4277777777771,1.07,2.35166666666668,52.979999999998,0.6,utpi
18,2,1,27.8800000000016,46.2799999999994,19.4344444444442,32.0038888888885,0.91,2.80055555555558,58.4099999999969,1.62,utpi
