"ncohort","utype","rtype","bd.sel","od.sel","bd.pts","od.pts","earlystop","overdose","poorall","ov.sel","design"
"12","1","1","21.6600000000006","37.860000000001","20.4499999999995","32.0341666666658","2.91","0","61.1199999999964","0","ji3"
"18","1","1","23.0400000000008","40.2100000000006","25.633333333333","38.2577777777776","4.13","0","58.009999999997","0","ji3"
"12","2","1","26.7300000000014","33.240000000002","19.6983333333328","24.084166666666","3","0","62.3199999999962","0","ji3"
"18","2","1","29.8100000000019","36.4300000000013","25.358333333333","30.1733333333329","3.77","0","58.139999999997","0","ji3"
