"ncohort","utype","rtype","bd.sel","od.sel","bd.pts","od.pts","earlystop","overdose","poorall","ov.sel","design"
"12","1","1","14.2099999999997","28.8200000000017","11.8916666666665","22.3908333333328","4.92","0","77.7000000000028","0","printe"
"18","1","1","17.0499999999999","32.7300000000021","16.0044444444447","27.809444444444","6.49","0","71.7299999999998","0","printe"
"12","2","1","18.18","24.000000000001","11.5408333333332","15.2349999999998","4.7","0","78.5300000000033","0","printe"
"18","2","1","21.7700000000006","27.7900000000015","15.1594444444447","19.4122222222221","5.75","0","73.0700000000005","0","printe"
