"ncohort","utype","rtype","bd.sel","od.sel","bd.pts","od.pts","earlystop","overdose","poorall","ov.sel","design"
"12","1","1","14.9299999999997","30.2600000000019","11.5766666666666","23.0491666666659","4.25","0","78.4200000000032","0","stein"
"18","1","1","17.7","34.7000000000017","14.5594444444449","27.5238888888885","6.88","0","73.6500000000008","0","stein"
"12","2","1","18.6900000000001","24.7800000000011","11.3099999999999","15.3274999999998","3.75","0","79.1400000000036","0","stein"
"18","2","1","20.0900000000003","26.7900000000014","13.3622222222227","17.9650000000002","5.77","0","76.030000000002","0","stein"
