"ncohort","utype","rtype","bd.sel","od.sel","bd.pts","od.pts","earlystop","overdose","poorall","ov.sel","design"
"12","1","1","25.4100000000012","43.6099999999999","38.1525000000001","47.0516666666677","2.28","0","34.1500000000018","0","tepi"
"18","1","1","28.5300000000017","47.3899999999991","48.8455555555547","57.1666666666659","3.04","0","27.0500000000014","0","tepi"
"12","2","1","34.1300000000018","42.2800000000002","39.1416666666669","42.9658333333342","1.99","0","32.6500000000021","0","tepi"
"18","2","1","37.6100000000011","45.9099999999994","48.8188888888881","52.6327777777767","2.51","0","26.2600000000013","0","tepi"
