"ncohort","utype","rtype","bd.sel","od.sel","bd.pts","od.pts","earlystop","overdose","poorall","ov.sel","design"
"12","1","1","15.1999999999997","29.9200000000019","11.0874999999999","21.8933333333327","2.53","0","79.6200000000038","0","utpi"
"18","1","1","17.5799999999999","33.8700000000018","13.7983333333336","26.2733333333329","3.75","0","77.3400000000027","0","utpi"
"12","2","1","17.3899999999999","23.3400000000008","10.7316666666666","14.6599999999998","1.99","0","81.0700000000046","0","utpi"
"18","2","1","19.7100000000003","26.8200000000014","13.7294444444447","18.8366666666666","3.25","0","77.7600000000029","0","utpi"
