"ncohort","utype","rtype","bd.sel","od.sel","bd.pts","od.pts","earlystop","overdose","poorall","ov.sel","design"
"12","1","1","55.7499999999975","69.9799999999989","45.5674999999963","60.129999999996","2.6","5.74166666666677","41.0600000000004","0.71","boinet"
"18","1","1","56.8199999999973","70.9999999999994","47.1777777777793","61.6261111111141","3.27","5.20555555555566","40.8900000000004","0.56","boinet"
"12","2","1","51.4699999999983","70.9399999999994","43.5691666666633","61.5249999999964","2.58","6.35666666666679","42.7000000000001","2.38999999999999","boinet"
"18","2","1","52.3299999999982","72.6600000000003","45.4700000000011","64.1711111111158","3.14","5.08888888888899","41.7900000000003","1.71","boinet"
