"ncohort","utype","rtype","bd.sel","od.sel","bd.pts","od.pts","earlystop","overdose","poorall","ov.sel","design"
"12","1","1","55.2199999999976","71.0599999999994","43.2408333333317","58.9324999999988","2.65","5.64000000000018","27.0000000000014","1.4","boin12"
"18","1","1","59.2499999999968","75.3800000000017","47.5683333333331","63.3238888888901","3.75","4.78555555555574","23.5100000000009","0.930000000000001","boin12"
"12","2","1","51.0699999999984","75.6900000000018","41.1441666666651","62.0424999999991","2.33","7.81083333333361","27.2100000000015","3.49999999999997","boin12"
"18","2","1","52.4099999999981","77.0800000000025","44.1027777777767","64.629444444446","3.63","6.12222222222247","26.3300000000013","2.66999999999999","boin12"
