"ncohort","utype","rtype","bd.sel","od.sel","bd.pts","od.pts","earlystop","overdose","poorall","ov.sel","design"
"12","1","1","56.0199999999974","69.9699999999989","46.4999999999967","59.4191666666632","3.39","3.96666666666666","38.5100000000009","0.940000000000001","printe"
"18","1","1","56.7999999999973","71.1499999999995","46.9516666666676","60.6677777777801","4.35","3.74722222222224","40.6300000000005","0.56","printe"
"12","2","1","52.6499999999981","71.7099999999998","45.3858333333303","61.3741666666634","3.47","4.0425","39.2700000000008","2.15","printe"
"18","2","1","52.4699999999981","71.9299999999999","45.7688888888897","63.028888888893","3.8","3.61166666666669","40.9500000000004","1.69","printe"
