"ncohort","utype","rtype","bd.sel","od.sel","bd.pts","od.pts","earlystop","overdose","poorall","ov.sel","design"
"12","1","1","57.8899999999971","71.0499999999994","49.0974999999971","62.0608333333302","3.77","2.98416666666667","31.8400000000022","1.01","stein"
"18","1","1","59.0899999999968","73.2900000000006","50.7016666666681","64.7761111111139","4.65","2.71722222222225","32.2900000000021","0.53","stein"
"12","2","1","54.8599999999977","71.6899999999998","47.0058333333306","61.1349999999969","3.8","3.0625","34.4700000000017","1.73","stein"
"18","2","1","56.2399999999974","73.2700000000006","49.4144444444459","64.223888888893","4.51","2.64055555555558","33.210000000002","1.6","stein"
