"ncohort","utype","rtype","bd.sel","od.sel","bd.pts","od.pts","earlystop","overdose","poorall","ov.sel","design"
"12","1","1","56.8799999999973","71.0199999999994","45.7216666666636","60.6083333333306","2.1","5.62333333333343","33.190000000002","1.02","utpi"
"18","1","1","59.3999999999968","74.3800000000011","48.8127777777792","64.1855555555584","2.47","4.5161111111112","32.870000000002","0.5","utpi"
"12","2","1","53.7199999999979","72.6000000000002","45.5108333333301","62.6299999999967","2.17","5.78166666666677","38.5100000000009","2.21","utpi"
"18","2","1","54.3099999999978","73.5800000000007","47.0905555555569","64.774444444449","2.73","4.94166666666677","38.5800000000009","1.63","utpi"
