"ncohort","utype","rtype","bd.sel","od.sel","bd.pts","od.pts","earlystop","overdose","poorall","ov.sel","design"
"12","1","1","57.2099999999972","71.7799999999998","49.2174999999967","62.9458333333297","5.81","2.48916666666665","36.2200000000014","0.56","boinet"
"18","1","1","57.8199999999971","72.3600000000001","51.1500000000023","65.2700000000037","7.24","2.0838888888889","36.8000000000012","0.42","boinet"
"12","2","1","55.5599999999975","70.4999999999992","47.9783333333303","60.3699999999965","5.99","2.38666666666666","37.4600000000011","1.06","boinet"
"18","2","1","55.4099999999975","70.7299999999993","49.3611111111134","62.7744444444487","7.11","2.03722222222222","38.7300000000009","0.78","boinet"
