"ncohort","utype","rtype","bd.sel","od.sel","bd.pts","od.pts","earlystop","overdose","poorall","ov.sel","design"
"12","1","1","55.4299999999975","71.3399999999996","47.8033333333296","62.7083333333293","6.17","3.21166666666667","40.0600000000006","0.71","ji3"
"18","1","1","56.7099999999973","72.3000000000001","49.7111111111139","64.716666666671","7.11","2.90722222222226","39.3900000000007","0.38","ji3"
"12","2","1","53.5799999999979","70.279999999999","47.0924999999966","61.3716666666629","5.59","3.18999999999999","40.1600000000006","1.24","ji3"
"18","2","1","54.2899999999978","71.3699999999996","48.6094444444467","63.6522222222274","6.63","2.74222222222225","40.2100000000006","0.78","ji3"
