"ncohort","utype","rtype","bd.sel","od.sel","bd.pts","od.pts","earlystop","overdose","poorall","ov.sel","design"
"12","1","1","58.9599999999968","73.5500000000007","50.439999999997","64.4874999999967","5.08","2.24916666666665","33.110000000002","0.62","utpi"
"18","1","1","59.9999999999966","74.4400000000012","52.8861111111136","66.9550000000035","6.15","1.94","33.8000000000018","0.4","utpi"
"12","2","1","56.6099999999973","70.3499999999991","48.749999999997","60.4066666666633","5.06","2.28749999999999","36.1000000000014","1.07","utpi"
"18","2","1","57.5099999999971","72.9300000000004","51.433888888891","65.0044444444489","6.01","2.00111111111112","35.7300000000015","0.64","utpi"
