"ncohort","utype","rtype","bd.sel","od.sel","bd.pts","od.pts","earlystop","overdose","poorall","ov.sel","design"
"12","1","1","62.1099999999962","74.8000000000014","52.7741666666629","72.5808333333319","3.23","8.1883333333336","23.1000000000008","1.68","boin12"
"18","1","1","65.0999999999964","77.3500000000027","56.3105555555581","74.1438888888904","3.56","6.27611111111138","19.3600000000002","1.08","boin12"
"12","2","1","46.8699999999992","78.2400000000031","47.7949999999962","84.7033333333369","3.16","9.79916666666661","28.0400000000016","4.43999999999995","boin12"
"18","2","1","48.5799999999989","79.8300000000039","50.8711111111122","85.3027777777828","4.04","7.71444444444478","24.260000000001","3.32999999999997","boin12"
