"ncohort","utype","rtype","bd.sel","od.sel","bd.pts","od.pts","earlystop","overdose","poorall","ov.sel","design"
"12","1","1","62.2999999999962","73.3700000000006","46.3424999999964","68.86583333333","2.59","12.6858333333333","47.1299999999992","1.61","ji3"
"18","1","1","62.9099999999961","74.7300000000013","44.5838888888882","66.5233333333305","2.67","11.0233333333337","48.5999999999989","0.960000000000001","ji3"
"12","2","1","51.6199999999983","78.2000000000031","47.9841666666631","85.3258333333377","3.07","12.3408333333333","45.0999999999996","4.02999999999996","ji3"
"18","2","1","50.9799999999984","79.3300000000037","45.9599999999993","84.3150000000049","3.43","10.7272222222226","47.5499999999991","2.52999999999999","ji3"
