"ncohort","utype","rtype","bd.sel","od.sel","bd.pts","od.pts","earlystop","overdose","poorall","ov.sel","design"
"12","1","1","63.7199999999959","74.6800000000013","52.1608333333292","69.3791666666634","3.07","7.42500000000016","40.0500000000006","1.23","printe"
"18","1","1","64.5099999999961","76.1500000000021","49.7005555555545","66.2772222222194","3.04","6.3705555555557","43.4599999999999","0.68","printe"
"12","2","1","53.6899999999979","79.3900000000037","54.1633333333292","85.3700000000045","3.56","7.17750000000014","38.260000000001","3.52999999999997","printe"
"18","2","1","53.4899999999979","80.9600000000045","51.4633333333322","84.5927777777829","3.86","6.35888888888904","42.4000000000001","2.33999999999999","printe"
