"ncohort","utype","rtype","bd.sel","od.sel","bd.pts","od.pts","earlystop","overdose","poorall","ov.sel","design"
"12","1","1","21.1100000000005","35.6400000000015","17.5649999999995","29.141666666666","4.6","0","69.3399999999986","0","boinet"
"18","1","1","24.050000000001","39.1900000000008","22.6694444444443","35.3605555555553","5.89","0","63.7599999999959","0","boinet"
"12","2","1","25.7400000000012","32.6000000000021","15.790833333333","20.5858333333329","4","0","72.11","0","boinet"
"18","2","1","28.6200000000017","36.0300000000014","20.1022222222221","25.6527777777774","4.6","0","67.4999999999976","0","boinet"
