"ncohort","utype","rtype","bd.sel","od.sel","bd.pts","od.pts","earlystop","overdose","poorall","ov.sel","design"
"12","1","1","25.0600000000011","40.8200000000004","23.5033333333329","35.5916666666666","2.72","0","55.9699999999974","0","ji3"
"18","1","1","27.6100000000015","42.8100000000001","28.4577777777781","40.8499999999998","4.03","0","53.5199999999979","0","ji3"
"12","2","1","31.8200000000022","38.8300000000008","21.4008333333331","26.2816666666664","2.23","0","59.9799999999966","0","ji3"
"18","2","1","35.6000000000015","42.7600000000001","26.6372222222224","32.195","3.17","0","55.9899999999974","0","ji3"
