"ncohort","utype","rtype","bd.sel","od.sel","bd.pts","od.pts","earlystop","overdose","poorall","ov.sel","design"
"12","1","1","21.5300000000006","36.7900000000012","18.7416666666662","30.7374999999994","3.76","0","66.4099999999971","0","printe"
"18","1","1","24.6800000000011","39.7300000000007","23.7655555555556","35.9111111111109","5.04","0","60.9799999999964","0","printe"
"12","2","1","27.8900000000016","34.6200000000017","17.1316666666664","21.7791666666662","3.03","0","69.1799999999985","0","printe"
"18","2","1","31.5700000000021","38.8700000000008","21.9394444444445","27.3233333333333","3.85","0","63.7199999999959","0","printe"
