"ncohort","utype","rtype","bd.sel","od.sel","bd.pts","od.pts","earlystop","overdose","poorall","ov.sel","design"
"12","1","1","17.96","32.1400000000022","20.2491666666661","29.4149999999991","12.59","0","60.8199999999965","0","tepi"
"18","1","1","23.7800000000009","38.4100000000009","31.4122222222219","40.1555555555554","14.42","0","45.0199999999996","0","tepi"
"12","2","1","28.7500000000017","35.9800000000014","21.3249999999993","25.8399999999993","10.24","0","59.0599999999968","0","tepi"
"18","2","1","36.9400000000012","44.2699999999998","33.1072222222218","37.6977777777772","11.5","0","42.1500000000002","0","tepi"
