ncohort,utype,rtype,bd.sel,od.sel,bd.pts,od.pts,earlystop,overdose,poorall,ov.sel,design
36,1,1,53.1499999999991,76.4499999999978,52.6458333333343,74.6249999999997,2.15,2.61805555555556,21.3000000000002,0.45,boin12
36,2,1,33.6000000000002,76.4999999999978,43.2361111111116,82.7458333333317,2.75,3.56527777777782,27.7500000000003,1.2,boin12
18,1,1,48.5599999999989,70.4099999999991,49.1700000000022,72.0022222222233,2.5,3.84388888888893,22.1100000000007,0.79,boin12
18,2,1,32.820000000002,73.1800000000005,41.8627777777774,82.0377777777809,2.37,5.42611111111124,24.490000000001,2.81999999999998,boin12
