ncohort,utype,rtype,bd.sel,od.sel,bd.pts,od.pts,earlystop,overdose,poorall,ov.sel,design
36,1,1,54.549999999999,70.2999999999981,48.4097222222222,65.3638888888879,3.4,2.20972222222222,43.0999999999997,0.3,printe
36,2,1,49.2999999999993,80.7999999999976,52.0819444444443,85.1374999999975,3.2,2.05,41.0499999999998,0.95,printe
18,1,1,55.9299999999974,71.8699999999999,53.4849999999982,71.1438888888875,2.52,2.4138888888889,32.1800000000022,0.46,printe
18,2,1,49.5599999999987,79.890000000004,54.6411111111093,86.0916666666726,2.87,2.48277777777778,32.2200000000022,1.51,printe
