ncohort,utype,rtype,bd.sel,od.sel,bd.pts,od.pts,earlystop,overdose,poorall,ov.sel,design
36,1,1,59.8999999999987,75.9499999999978,55.6805555555553,72.4930555555544,3.55,1.19305555555555,31.7000000000003,0.15,stein
36,2,1,54.949999999999,83.7499999999974,59.1027777777774,87.0194444444418,3.7,1.12777777777778,29.8500000000003,0.6,stein
18,1,1,58.9299999999968,75.3500000000016,57.6766666666647,75.1011111111113,2.52,1.55611111111111,26.0600000000013,0.38,stein
18,2,1,53.359999999998,82.7800000000054,58.869999999998,87.4411111111177,2.97,1.53611111111111,25.8500000000012,1.2,stein
