ncohort,utype,rtype,bd.sel,od.sel,bd.pts,od.pts,earlystop,overdose,poorall,ov.sel,design
36,1,1,36.85,57.0999999999989,13.7652777777775,35.4152777777779,3.85,8.15833333333339,82.7999999999974,0.25,tepi
36,2,1,27.7000000000003,69.6999999999982,12.5499999999999,66.5277777777765,2.85,7.93888888888896,85.0499999999973,0.85,tepi
18,1,1,37.6400000000011,57.919999999997,16.204444444445,39.967777777776,2.4,8.60111111111132,68.3499999999981,0.920000000000001,tepi
18,2,1,26.9600000000014,68.8899999999983,15.9933333333341,68.7816666666639,2.66,8.11000000000021,68.8899999999983,2.34999999999999,tepi
