"ncohort","utype","rtype","bd.sel","od.sel","bd.pts","od.pts","earlystop","overdose","poorall","ov.sel","design"
"12","1","1","45.5699999999995","63.239999999996","32.7591666666652","48.6324999999987","0.84","4.2233333333334","39.9800000000006","1.15","boin12"
"18","1","1","49.3899999999987","68.1299999999979","36.0011111111091","52.8322222222218","1.27","3.5000000000001","36.3200000000013","1.04","boin12"
"12","2","1","47.5099999999991","66.0099999999969","32.3674999999984","46.1758333333321","0.79","5.84583333333351","38.180000000001","2.84999999999998","boin12"
"18","2","1","51.6399999999983","70.219999999999","36.1055555555539","49.9127777777773","1.2","4.99388888888907","32.5400000000021","2.72999999999999","boin12"
