"ncohort","utype","rtype","bd.sel","od.sel","bd.pts","od.pts","earlystop","overdose","poorall","ov.sel","design"
"12","1","1","44.4299999999997","61.1999999999964","34.320833333332","49.8533333333321","0.76","4.45083333333337","39.0100000000008","1.01","utpi"
"18","1","1","47.0299999999992","64.9899999999963","37.5872222222215","53.8388888888897","1.04","3.49500000000005","41.8300000000002","0.55","utpi"
"12","2","1","45.7199999999995","61.0099999999964","33.3641666666647","46.4841666666653","0.71","5.06750000000007","46.8499999999992","1.77","utpi"
"18","2","1","46.7299999999993","62.6199999999961","36.5727777777771","50.2416666666676","1","4.37000000000009","46.3699999999993","1.66","utpi"
