"ncohort","utype","rtype","bd.sel","od.sel","bd.pts","od.pts","earlystop","overdose","poorall","ov.sel","design"
"12","1","1","33.3200000000019","48.6499999999989","25.776666666666","38.8008333333327","4.88","1.27166666666666","57.4999999999971","0.26","boinet"
"18","1","1","36.3400000000013","50.9799999999984","30.874999999999","44.015","5.51","1.10833333333333","53.319999999998","0.26","boinet"
"12","2","1","34.8000000000016","44.8199999999997","22.6074999999994","30.0774999999992","3.93","1.32583333333333","62.6299999999961","0.980000000000001","boinet"
"18","2","1","37.870000000001","48.7399999999989","27.1905555555548","35.8622222222217","5.44","1.16555555555555","57.949999999997","0.75","boinet"
