"ncohort","utype","rtype","bd.sel","od.sel","bd.pts","od.pts","earlystop","overdose","poorall","ov.sel","design"
"12","1","1","36.1500000000014","51.0899999999984","23.7399999999988","36.3049999999989","8.4","1.62999999999997","55.1399999999976","0.76","boin12"
"18","1","1","40.8200000000004","55.6899999999975","27.6405555555547","40.3449999999993","10.59","1.53833333333335","49.3099999999988","0.58","boin12"
"12","2","1","44.2599999999998","56.1999999999974","25.6116666666652","34.2241666666654","6.11","2.19416666666664","49.4599999999987","1.66","boin12"
"18","2","1","48.029999999999","60.4499999999965","30.28611111111","39.6199999999992","8.26","2.11500000000004","43.09","1.47","boin12"
