"ncohort","utype","rtype","bd.sel","od.sel","bd.pts","od.pts","earlystop","overdose","poorall","ov.sel","design"
"12","1","1","34.3100000000017","48.4899999999989","25.5749999999993","38.0491666666661","4.02","1.34916666666666","56.6999999999973","0.3","printe"
"18","1","1","38.100000000001","53.319999999998","31.3716666666657","44.6716666666666","4.93","1.26555555555555","51.3699999999983","0.15","printe"
"12","2","1","36.1300000000014","47.2999999999992","22.6941666666661","30.8933333333327","3.36","1.33583333333333","61.0099999999964","0.850000000000001","printe"
"18","2","1","39.4800000000007","50.9099999999984","27.722777777777","36.6633333333329","4.49","1.28166666666667","56.0199999999974","0.58","printe"
