"ncohort","utype","rtype","bd.sel","od.sel","bd.pts","od.pts","earlystop","overdose","poorall","ov.sel","design"
"12","1","1","36.3300000000013","51.3499999999984","25.985833333333","38.9366666666661","4.36","1.40749999999999","49.4299999999987","0.43","utpi"
"18","1","1","41.4200000000003","56.5899999999973","30.8711111111101","44.2049999999996","5.63","1.30944444444445","49.7199999999987","0.29","utpi"
"12","2","1","35.5400000000015","45.3599999999995","23.0124999999995","30.3499999999994","3.81","1.15833333333333","61.4699999999963","0.77","utpi"
"18","2","1","39.1400000000008","49.3699999999987","27.7416666666661","36.0588888888882","4.71","1.21166666666666","57.5499999999971","0.66","utpi"
