"ncohort","utype","rtype","bd.sel","od.sel","bd.pts","od.pts","earlystop","overdose","poorall","ov.sel","design"
"12","1","1","24.9600000000011","40.1900000000006","19.7108333333323","31.2624999999986","5.21","0","64.7299999999962","0","boin12"
"18","1","1","29.5900000000018","45.5299999999995","22.9572222222215","35.0944444444434","8.16","0","59.0099999999968","0","boin12"
"12","2","1","35.0500000000016","43.05","22.0899999999985","27.6358333333318","4.14","0","59.2099999999968","0","boin12"
"18","2","1","38.9200000000008","46.8599999999992","25.5283333333323","31.7738888888875","6.13","0","54.7799999999977","0","boin12"
