"ncohort","utype","rtype","bd.sel","od.sel","bd.pts","od.pts","earlystop","overdose","poorall","ov.sel","design"
"12","1","1","17.4299999999999","31.8900000000022","13.6816666666666","24.5824999999994","6.47","0","73.5100000000007","0","printe"
"18","1","1","21.3800000000005","36.3800000000013","19.2977777777778","31.4338888888888","8.26","0","67.0899999999974","0","printe"
"12","2","1","22.7400000000008","29.3000000000018","12.7091666666666","17.0658333333332","6.1","0","75.4300000000017","0","printe"
"18","2","1","26.8300000000014","33.7000000000019","17.8388888888889","23.0194444444443","7.27","0","69.0999999999984","0","printe"
