"ncohort","utype","rtype","bd.sel","od.sel","bd.pts","od.pts","earlystop","overdose","poorall","ov.sel","design"
"12","1","1","22.4800000000007","37.880000000001","18.8816666666662","31.2816666666662","3.38","0","63.279999999996","0","utpi"
"18","1","1","26.8300000000014","43.27","22.9172222222219","36.3938888888884","4.99","0","63.5099999999959","0","utpi"
"12","2","1","25.0700000000011","32.2300000000022","17.4858333333328","22.5266666666662","2.72","0","69.1899999999985","0","utpi"
"18","2","1","27.2500000000015","35.1200000000016","21.1127777777776","27.1138888888886","3.83","0","67.3099999999975","0","utpi"
