"ncohort","utype","rtype","bd.sel","od.sel","bd.pts","od.pts","earlystop","overdose","poorall","ov.sel","design"
"12","1","1","65.2999999999965","79.6700000000039","60.9058333333282","79.3075000000009","3.96","4.84000000000004","30.790000000002","1","boinet"
"18","1","1","66.6599999999972","80.5800000000043","60.6177777777762","77.9138888888908","4.86","3.97944444444452","32.2200000000022","0.45","boinet"
"12","2","1","58.159999999997","82.0400000000051","60.9883333333281","86.941666666672","3.98","4.61333333333335","31.1800000000021","2.09","boinet"
"18","2","1","59.4299999999967","82.4500000000053","61.281666666665","86.0716666666726","5.06","3.80055555555563","31.9900000000022","1.19","boinet"
