"ncohort","utype","rtype","bd.sel","od.sel","bd.pts","od.pts","earlystop","overdose","poorall","ov.sel","design"
"12","1","1","62.4399999999961","77.3200000000027","55.8408333333285","75.9099999999996","4.1","6.08833333333344","38.050000000001","0.8","ji3"
"18","1","1","62.5999999999961","78.020000000003","54.0905555555548","73.8877777777777","4.78","5.58500000000012","39.9200000000006","0.62","ji3"
"12","2","1","56.4599999999973","80.040000000004","56.9383333333286","85.0166666666712","4.64","5.91416666666676","37.2100000000012","1.88","ji3"
"18","2","1","55.6199999999975","80.2000000000041","54.4272222222215","83.42555555556","5.2","5.4277777777779","39.8600000000006","1.68","ji3"
