"ncohort","utype","rtype","bd.sel","od.sel","bd.pts","od.pts","earlystop","overdose","poorall","ov.sel","design"
"12","1","1","67.3299999999975","81.820000000005","64.1824999999948","81.8308333333351","3.47","3.92833333333332","25.9200000000013","0.860000000000001","stein"
"18","1","1","68.169999999998","82.4700000000053","64.5383333333316","81.3127777777812","4.06","3.28111111111117","24.7800000000011","0.59","stein"
"12","2","1","62.5999999999961","84.7400000000064","65.5866666666621","88.9000000000064","3.6","3.83","24.7500000000011","1.85","stein"
"18","2","1","62.8199999999961","85.1500000000067","65.1149999999983","88.2577777777849","4.35","3.10555555555561","23.9500000000009","1.37","stein"
