"ncohort","utype","rtype","bd.sel","od.sel","bd.pts","od.pts","earlystop","overdose","poorall","ov.sel","design"
"12","1","1","51.2499999999984","71.2599999999996","23.3174999999965","56.1799999999964","3.04","15.4191666666667","75.1900000000016","1.45","tepi"
"18","1","1","52.7699999999981","72.8500000000004","22.0938888888867","52.5738888888867","3.41","13.3733333333339","74.2700000000011","0.940000000000001","tepi"
"12","2","1","45.1599999999996","77.0700000000025","23.9241666666632","74.2341666666652","3.06","15.465","74.3400000000011","2.91999999999998","tepi"
"18","2","1","45.2399999999996","77.5000000000027","22.1072222222202","71.873333333332","3.79","13.1461111111117","74.2900000000011","1.64","tepi"
