"ncohort","utype","rtype","bd.sel","od.sel","bd.pts","od.pts","earlystop","overdose","poorall","ov.sel","design"
"12","1","1","65.2099999999965","82.9100000000055","64.6733333333288","83.2816666666701","3.63","3.33000000000003","12.7799999999998","0.900000000000001","boin12"
"18","1","1","64.7499999999962","83.4400000000058","64.5850000000056","83.6311111111151","4.06","2.8161111111112","17.87","0.61","boin12"
"12","2","1","52.969999999998","81.2400000000047","57.9833333333293","85.3533333333378","3.96","4.47583333333339","17.4599999999999","2.28","boin12"
"18","2","1","53.339999999998","83.6500000000059","57.9033333333368","86.1850000000053","4","3.81444444444456","20.3000000000004","1.52","boin12"
