"ncohort","utype","rtype","bd.sel","od.sel","bd.pts","od.pts","earlystop","overdose","poorall","ov.sel","design"
"12","1","1","76.7100000000023","86.6000000000074","76.9383333333337","87.3441666666726","4.43","1.43416666666666","19.5500000000003","0.27","printe"
"18","1","1","76.6800000000023","86.9600000000076","76.4744444444457","87.1522222222284","4.3","1.03277777777777","20.6100000000004","0.17","printe"
"12","2","1","73.6200000000008","86.8800000000075","76.9816666666671","89.5691666666741","4.84","1.41333333333333","19.5800000000003","0.73","printe"
"18","2","1","74.190000000001","87.8900000000081","76.7555555555569","89.7644444444522","4.66","1.05388888888888","20.4500000000004","0.54","printe"
