"ncohort","utype","rtype","bd.sel","od.sel","bd.pts","od.pts","earlystop","overdose","poorall","ov.sel","design"
"12","1","1","77.1300000000026","87.1600000000077","77.7883333333339","88.619166666673","4.52","1.51416666666666","18.3400000000001","0.28","stein"
"18","1","1","77.6300000000028","87.870000000008","77.8477777777796","88.8772222222294","4.39","1.08333333333333","18.7600000000001","0.22","stein"
"12","2","1","75.0700000000015","88.5100000000084","78.2075000000008","91.3250000000082","4.42","1.52833333333333","17.98","0.78","stein"
"18","2","1","75.6600000000018","89.3300000000088","78.101111111113","91.3450000000088","4.66","1.06055555555555","18.6400000000001","0.55","stein"
