"ncohort","utype","rtype","bd.sel","od.sel","bd.pts","od.pts","earlystop","overdose","poorall","ov.sel","design"
"12","1","1","17.1299999999999","30.830000000002","11.8166666666666","22.1841666666663","8.19","0","76.6100000000023","0","printe"
"18","1","1","20.4500000000004","35.1600000000016","16.3766666666668","28.2138888888888","10.64","0","72.18","0","printe"
"12","2","1","19.9700000000003","26.2000000000013","10.5425","14.5033333333333","7.55","0","79.7100000000039","0","printe"
"18","2","1","22.3500000000007","28.9800000000017","14.3594444444445","19.1955555555555","9.09","0","75.6800000000018","0","printe"
