"ncohort","utype","rtype","bd.sel","od.sel","bd.pts","od.pts","earlystop","overdose","poorall","ov.sel","design"
"12","1","1","13.1099999999998","26.1400000000013","8.85166666666669","18.6799999999997","17.91","0","83.5400000000058","0","stein"
"18","1","1","15.2299999999997","28.6700000000017","11.8022222222224","22.6627777777776","22.05","0","80.3800000000042","0","stein"
"12","2","1","14.7299999999997","20.5700000000004","8.02333333333341","11.7641666666667","15.87","0","85.0100000000066","0","stein"
"18","2","1","16.6399999999998","22.3800000000007","10.7055555555557","14.8666666666667","19.09","0","82.2200000000052","0","stein"
