"ncohort","utype","rtype","bd.sel","od.sel","bd.pts","od.pts","earlystop","overdose","poorall","ov.sel","design"
"12","1","1","52.1399999999982","67.6199999999977","40.0416666666629","55.7966666666632","1.14","9.22666666666676","47.4799999999991","1.09","ji3"
"18","1","1","53.7999999999979","69.7499999999988","40.3566666666661","56.1527777777794","1.43","8.29777777777801","48.5899999999989","0.72","ji3"
"12","2","1","48.7999999999989","70.3699999999991","39.1349999999965","60.2283333333306","1.16","9.98416666666676","47.6799999999991","3.22999999999998","ji3"
"18","2","1","49.4199999999987","71.9199999999999","39.1199999999991","62.0127777777814","1.52","8.69055555555579","49.2199999999988","2.02","ji3"
