ncohort,utype,rtype,bd.sel,od.sel,bd.pts,od.pts,earlystop,overdose,poorall,ov.sel,design
36,1,1,35.9500000000001,60.3499999999987,30.8944444444446,51.4750000000003,1.75,2.48194444444445,55.699999999999,0.2,boinet
36,2,1,34.2000000000002,56.5499999999989,28.4847222222224,46.7722222222224,2.2,2.54444444444445,58.3499999999988,0.55,boinet
18,1,1,33.3800000000019,56.5599999999973,26.7333333333315,45.7422222222216,1.26,3.3227777777778,53.6699999999979,0.59,boinet
18,2,1,32.990000000002,54.0999999999978,25.4816666666651,41.2749999999991,1.28,3.38777777777781,54.1199999999978,1.42,boinet
