ncohort,utype,rtype,bd.sel,od.sel,bd.pts,od.pts,earlystop,overdose,poorall,ov.sel,design
36,1,1,41.1499999999998,68.4499999999983,31.563888888889,53.2861111111112,3.65,1.98611111111111,35.2000000000001,0.7,boin12
36,2,1,37.3,69.3499999999982,29.8486111111111,51.2388888888889,2.2,3.07638888888892,33.9500000000002,1.5,boin12
18,1,1,35.3900000000015,61.6999999999963,25.3772222222209,46.1222222222213,1.69,2.7166666666667,33.6100000000019,0.920000000000001,boin12
18,2,1,34.8700000000016,64.7699999999962,25.5449999999984,45.2449999999988,1.48,4.27388888888897,29.5400000000018,2.32999999999999,boin12
