ncohort,utype,rtype,bd.sel,od.sel,bd.pts,od.pts,earlystop,overdose,poorall,ov.sel,design
36,1,1,33.5000000000002,58.2999999999988,27.938888888889,48.616666666667,1.4,3.49722222222224,58.8499999999988,0.25,ji3
36,2,1,34.6000000000002,59.2999999999988,28.5875000000001,48.5236111111113,1.45,4.40833333333335,56.7999999999989,0.75,ji3
18,1,1,34.0800000000018,57.5999999999971,26.6633333333313,46.2505555555551,0.87,4.26722222222225,51.9099999999982,0.74,ji3
18,2,1,32.5400000000021,54.8099999999977,25.4861111111094,41.8694444444434,0.98,4.65388888888893,52.4199999999981,2.08,ji3
