ncohort,utype,rtype,bd.sel,od.sel,bd.pts,od.pts,earlystop,overdose,poorall,ov.sel,design
36,1,1,36.0500000000001,58.5999999999988,29.9041666666668,49.2083333333335,3,1.39722222222222,54.399999999999,0.2,printe
36,2,1,35.0500000000001,56.8499999999989,28.7875000000001,46.5472222222223,2.55,1.75555555555555,55.249999999999,0.6,printe
18,1,1,34.3000000000017,57.1799999999972,25.8199999999989,44.6605555555552,1.61,1.56777777777778,49.1699999999988,0.48,printe
18,2,1,33.010000000002,53.239999999998,24.5877777777769,38.9905555555549,1.71,1.58611111111111,50.3799999999985,1.11,printe
