ncohort,utype,rtype,bd.sel,od.sel,bd.pts,od.pts,earlystop,overdose,poorall,ov.sel,design
36,1,1,34.3000000000002,57.4999999999989,27.976388888889,48.4069444444446,5.25,0.751388888888888,53.6499999999991,0.15,stein
36,2,1,35.0500000000001,54.699999999999,27.8819444444445,43.7208333333335,4.9,0.787499999999999,53.5999999999991,0.45,stein
18,1,1,33.8900000000018,56.4899999999973,25.0905555555547,44.067222222222,2.9,0.912777777777773,49.4099999999987,0.4,stein
18,2,1,33.5700000000019,51.1999999999984,23.4644444444437,35.7611111111106,3.31,1.09611111111111,51.3999999999983,1.05,stein
