ncohort,utype,rtype,bd.sel,od.sel,bd.pts,od.pts,earlystop,overdose,poorall,ov.sel,design
36,1,1,37.8,62.8499999999986,31.0263888888891,52.402777777778,2.1,1.89444444444444,48.4999999999994,0.35,utpi
36,2,1,35.2000000000001,57.3499999999989,29.201388888889,46.9833333333335,2.3,2.44305555555556,56.3499999999989,0.55,utpi
18,1,1,34.2600000000018,57.5099999999971,25.7911111111094,45.0983333333327,1.26,2.93500000000002,48.029999999999,0.66,utpi
18,2,1,32.3700000000021,53.4499999999979,25.1777777777764,40.7355555555545,1.18,3.16055555555558,52.7199999999981,1.74,utpi
18,1,1,34.2600000000018,57.5099999999971,25.7911111111094,45.0983333333327,1.26,2.93500000000002,48.029999999999,0.66,utpi
18,2,1,32.3700000000021,53.4499999999979,25.1777777777764,40.7355555555545,1.18,3.16055555555558,52.7199999999981,1.74,utpi
