"ncohort","utype","rtype","bd.sel","od.sel","bd.pts","od.pts","earlystop","overdose","poorall","ov.sel","design"
"12","1","1","77.3200000000027","83.830000000006","74.3016666666656","82.9150000000034","3.09","2.47083333333333","22.7000000000007","0.46","printe"
"18","1","1","77.6200000000028","84.2600000000062","74.3427777777777","82.4233333333371","3.62","1.85944444444445","22.5800000000007","0.25","printe"
"12","2","1","70.8299999999993","86.4500000000073","74.6374999999991","90.2508333333411","3.24","2.34583333333333","22.2700000000007","1.48","printe"
"18","2","1","72.3200000000001","87.870000000008","74.9322222222227","90.306666666675","3.51","1.915","21.8200000000006","1.1","printe"
