"ncohort","utype","rtype","bd.sel","od.sel","bd.pts","od.pts","earlystop","overdose","poorall","ov.sel","design"
"12","1","1","77.5800000000028","83.900000000006","75.4649999999994","83.643333333337","4.09","2.02416666666665","21.0900000000005","0.38","stein"
"18","1","1","78.080000000003","84.6100000000064","75.7616666666675","83.5144444444489","4.68","1.45111111111111","20.9500000000005","0.22","stein"
"12","2","1","72.2400000000001","87.2000000000077","75.6699999999995","90.6250000000078","4.21","1.98666666666665","20.8800000000005","1.28","stein"
"18","2","1","73.8100000000009","88.3900000000083","76.362777777779","90.7872222222308","4.77","1.51888888888889","20.3100000000004","0.970000000000001","stein"
