"ncohort","utype","rtype","bd.sel","od.sel","bd.pts","od.pts","earlystop","overdose","poorall","ov.sel","design"
"12","1","1","63.5099999999959","74.4800000000012","29.9683333333304","47.7324999999969","3.32","9.67250000000003","59.6199999999967","0.74","tepi"
"18","1","1","64.0699999999959","75.2700000000016","26.5794444444416","44.4516666666648","3.94","9.29888888888918","66.349999999997","0.4","tepi"
"12","2","1","49.3499999999988","79.5800000000038","30.5816666666638","72.8191666666647","3.33","9.49000000000003","58.5799999999969","2.83999999999998","tepi"
"18","2","1","50.9499999999984","81.6400000000049","27.1327777777749","71.574444444443","3.73","9.63555555555586","65.2699999999965","1.68","tepi"
