"ncohort","utype","rtype","bd.sel","od.sel","bd.pts","od.pts","earlystop","overdose","poorall","ov.sel","design"
"12","1","1","76.010000000002","82.9700000000055","73.1249999999978","83.2083333333363","3.19","3.02416666666667","19.7100000000003","0.64","utpi"
"18","1","1","76.3300000000021","83.5000000000058","72.9233333333332","82.8044444444485","3.52","2.44166666666668","19.9900000000003","0.41","utpi"
"12","2","1","73.1700000000005","88.1200000000082","74.7991666666657","90.7366666666747","2.97","2.43083333333333","20.7500000000004","1.39","utpi"
"18","2","1","73.7300000000008","89.4400000000089","74.3605555555557","90.9433333333418","3.37","1.9938888888889","21.4100000000005","0.75","utpi"
