"ncohort","utype","rtype","bd.sel","od.sel","bd.pts","od.pts","earlystop","overdose","poorall","ov.sel","design"
"12","1","1","65.6499999999967","75.9000000000019","55.9908333333287","73.3341666666646","3.44","7.81250000000018","37.7900000000011","1.22","boinet"
"18","1","1","66.6499999999972","77.4700000000027","55.2044444444433","71.7261111111099","4.02","6.5005555555557","38.3700000000009","0.67","boinet"
"12","2","1","57.5199999999971","81.1500000000046","57.7783333333285","86.5866666666719","3.58","7.37666666666682","35.9600000000014","3.20999999999998","boinet"
"18","2","1","57.1799999999972","82.4700000000053","56.3733333333324","85.9366666666723","4.39","6.08777777777792","37.5000000000011","2.09","boinet"
