"ncohort","utype","rtype","bd.sel","od.sel","bd.pts","od.pts","earlystop","overdose","poorall","ov.sel","design"
"12","1","1","62.959999999996","76.6300000000023","54.6383333333292","74.116666666666","2.69","7.03916666666689","22.8800000000008","1.3","boin12"
"18","1","1","65.8799999999968","78.9900000000035","58.6438888888921","75.9855555555578","3.25","5.50777777777797","18.8600000000001","1.02","boin12"
"12","2","1","47.6699999999991","78.5100000000033","48.1991666666628","83.8441666666699","3.01","8.97666666666678","28.2800000000016","4.03999999999996","boin12"
"18","2","1","49.0599999999988","80.2500000000041","50.820000000001","84.537222222227","4.05","7.02111111111141","26.0400000000013","2.91999999999998","boin12"
