"ncohort","utype","rtype","bd.sel","od.sel","bd.pts","od.pts","earlystop","overdose","poorall","ov.sel","design"
"12","1","1","64.1399999999959","75.0800000000015","52.9491666666626","72.4966666666649","2.75","9.37583333333342","41.0900000000004","1.14","ji3"
"18","1","1","64.5499999999961","76.000000000002","51.4149999999988","70.0599999999982","2.74","8.22555555555575","42.1100000000002","0.77","ji3"
"12","2","1","53.9899999999978","79.2800000000037","53.5191666666625","85.7758333333381","2.97","9.54333333333341","39.9400000000006","3.31999999999997","ji3"
"18","2","1","53.9599999999978","80.7800000000044","51.9272222222213","84.956666666672","3.22","7.86333333333352","42.1300000000002","2.22","ji3"
