"ncohort","utype","rtype","bd.sel","od.sel","bd.pts","od.pts","earlystop","overdose","poorall","ov.sel","design"
"12","1","1","65.4199999999966","76.090000000002","57.789166666662","72.9633333333318","3.24","5.43500000000006","35.4400000000015","0.940000000000001","printe"
"18","1","1","66.7299999999972","77.6600000000028","56.6344444444426","71.3399999999989","3.15","4.87888888888897","37.1000000000012","0.7","printe"
"12","2","1","55.8599999999975","80.6900000000044","59.0241666666619","86.2375000000052","3.37","5.37000000000005","33.8800000000018","2.70999999999999","printe"
"18","2","1","56.6399999999973","82.2500000000052","57.012777777776","85.3533333333387","3.76","4.72555555555563","37.4300000000011","1.98","printe"
