"ncohort","utype","rtype","bd.sel","od.sel","bd.pts","od.pts","earlystop","overdose","poorall","ov.sel","design"
"12","1","1","56.4499999999973","70.169999999999","26.6524999999968","51.5699999999966","3.12","13.3524999999999","67.4899999999976","1.58","tepi"
"18","1","1","57.4099999999971","71.6199999999997","24.1688888888862","48.3144444444428","3.07","12.2094444444449","73.0900000000005","1.03","tepi"
"12","2","1","47.0499999999992","77.2700000000026","27.2033333333302","74.0999999999985","3.26","13.3616666666666","66.5799999999972","3.12999999999998","tepi"
"18","2","1","47.0199999999992","78.7500000000034","24.5244444444416","72.3694444444433","3.63","12.1522222222227","72.8300000000004","2.22","tepi"
