"ncohort","utype","rtype","bd.sel","od.sel","bd.pts","od.pts","earlystop","overdose","poorall","ov.sel","design"
"12","1","1","68.8599999999983","79.0200000000035","62.5108333333281","77.8250000000004","2.84","6.05416666666674","32.770000000002","0.970000000000001","ji3"
"18","1","1","69.6799999999987","79.890000000004","61.318888888887","76.1150000000008","3.31","4.89722222222229","33.190000000002","0.45","ji3"
"12","2","1","61.6499999999963","83.1000000000056","63.0374999999945","87.9850000000061","3.01","6.01833333333339","32.3600000000021","2.31999999999999","ji3"
"18","2","1","61.6599999999963","83.3300000000057","61.8816666666647","87.0050000000064","3.37","4.98555555555563","32.910000000002","1.58","ji3"
