"ncohort","utype","rtype","bd.sel","od.sel","bd.pts","od.pts","earlystop","overdose","poorall","ov.sel","design"
"12","1","1","57.3599999999972","71.6499999999997","25.6858333333302","50.67833333333","2.98","13.1566666666666","68.4799999999981","1.36","tepi"
"18","1","1","58.259999999997","73.0800000000005","23.6444444444419","47.3794444444425","3.74","12.1716666666671","73.1000000000005","0.880000000000001","tepi"
"12","2","1","47.0099999999992","77.7800000000029","26.2041666666636","73.479999999998","3.14","13.1441666666666","67.8099999999978","3.18999999999998","tepi"
"18","2","1","47.4299999999991","78.9200000000035","23.7527777777751","71.5961111111096","3.85","11.6550000000005","72.9400000000004","1.9","tepi"
