"ncohort","utype","rtype","bd.sel","od.sel","bd.pts","od.pts","earlystop","overdose","poorall","ov.sel","design"
"12","1","1","31.4900000000021","46.6499999999993","22.1758333333328","34.8649999999994","7.58","0.815833333333337","62.2099999999962","0.23","ji3"
"18","1","1","34.5700000000017","50.3499999999986","26.7066666666661","40.6094444444443","9.39","0.752777777777772","59.4699999999967","0.11","ji3"
"12","2","1","30.0600000000019","39.2600000000008","19.9499999999997","26.8899999999995","7.27","0.770000000000002","65.8599999999968","0.39","ji3"
"18","2","1","32.4200000000021","42.0000000000002","24.2599999999996","32.0938888888885","9.23","0.684444444444439","62.7499999999961","0.19","ji3"
