"ncohort","utype","rtype","bd.sel","od.sel","bd.pts","od.pts","earlystop","overdose","poorall","ov.sel","design"
"12","1","1","22.7900000000008","35.6600000000015","14.9949999999998","25.5291666666661","16.68","0.355833333333334","74.2600000000011","0.06","printe"
"18","1","1","26.0800000000013","39.4000000000007","18.9749999999999","30.5411111111108","18.88","0.374444444444443","69.8999999999989","0.09","printe"
"12","2","1","22.7300000000008","29.4300000000018","13.9433333333332","18.6441666666664","15.77","0.376666666666667","75.8900000000019","0.25","printe"
"18","2","1","24.6800000000011","32.3600000000021","16.9822222222223","22.8238888888886","18.42","0.332777777777777","72.9700000000004","0.16","printe"
