"ncohort","utype","rtype","bd.sel","od.sel","bd.pts","od.pts","earlystop","overdose","poorall","ov.sel","design"
"12","1","1","21.9400000000006","38.140000000001","22.791666666666","35.5666666666665","1.26","0","59.9799999999966","0","boinet"
"18","1","1","24.7100000000011","40.4500000000005","26.9777777777777","40.2805555555551","2.05","0","57.919999999997","0","boinet"
"12","2","1","26.8100000000014","33.9900000000018","20.6741666666661","25.8566666666661","1.27","0","63.349999999996","0","boinet"
"18","2","1","31.1100000000021","38.6000000000009","25.7705555555555","31.7066666666665","1.8","0","59.2799999999968","0","boinet"
