"ncohort","utype","rtype","bd.sel","od.sel","bd.pts","od.pts","earlystop","overdose","poorall","ov.sel","design"
"12","1","1","23.4200000000009","39.4300000000007","19.3391666666656","31.6116666666653","1.64","0","65.9999999999969","0","boin12"
"18","1","1","26.9300000000014","43.8599999999998","21.1311111111106","33.7972222222211","3.32","0","63.219999999996","0","boin12"
"12","2","1","33.5300000000019","41.3500000000003","21.4741666666651","27.1799999999983","1.21","0","61.1799999999964","0","boin12"
"18","2","1","37.5500000000011","45.9699999999994","24.304999999999","30.5116666666652","2.17","0","57.4699999999971","0","boin12"
