"ncohort","utype","rtype","bd.sel","od.sel","bd.pts","od.pts","earlystop","overdose","poorall","ov.sel","design"
"12","1","1","17.72","33.7400000000019","15.5416666666666","27.016666666666","1.94","0","69.8899999999988","0","printe"
"18","1","1","21.4500000000006","38.110000000001","22.1333333333333","34.6616666666665","3.01","0","62.0299999999962","0","printe"
"12","2","1","25.8900000000012","32.7400000000021","15.7033333333332","20.0891666666663","1.88","0","69.5299999999987","0","printe"
"18","2","1","30.2100000000019","37.3400000000011","21.7644444444444","26.9033333333332","2.3","0","62.6299999999961","0","printe"
