ncohort,utype,rtype,bd.sel,od.sel,bd.pts,od.pts,earlystop,overdose,poorall,ov.sel,design
36,1,1,24.7000000000002,50.9999999999992,14.8333333333334,33.5680555555556,3.15,0.962499999999998,61.2999999999987,0.3,boin12
36,2,1,30.0500000000003,52.0499999999992,17.7236111111111,30.4805555555556,2.05,1.79305555555555,55.399999999999,0.8,boin12
18,1,1,19.4500000000002,41.6300000000003,11.308333333334,26.8149999999992,1.07,1.4338888888889,61.1499999999964,0.52,boin12
18,2,1,26.9400000000014,45.1099999999996,13.7422222222233,24.3899999999994,0.79,2.46333333333338,50.2499999999986,1.44,boin12
