ncohort,utype,rtype,bd.sel,od.sel,bd.pts,od.pts,earlystop,overdose,poorall,ov.sel,design
36,1,1,24.5000000000002,48.2999999999994,19.2458333333333,39.1833333333334,0.85,2.12083333333333,65.1999999999984,0.15,ji3
36,2,1,24.6000000000002,41.1499999999998,17.3805555555556,30.0958333333334,0.75,2.63750000000001,67.0499999999983,0.25,ji3
18,1,1,19.8300000000003,41.6900000000003,12.9472222222227,28.8122222222218,0.45,2.13222222222223,66.4499999999971,0.4,ji3
18,2,1,20.9700000000005,35.4700000000015,12.2372222222227,20.9288888888889,0.36,2.57833333333334,67.4199999999976,0.75,ji3
