ncohort,utype,rtype,bd.sel,od.sel,bd.pts,od.pts,earlystop,overdose,poorall,ov.sel,design
36,1,1,21.0500000000002,43.9999999999996,15.2263888888889,33.2833333333333,1.9,0.66111111111111,70.4499999999981,0.15,printe
36,2,1,22.9000000000002,36.5500000000001,14.5944444444444,23.9875,1.45,0.813888888888888,70.0999999999982,0.25,printe
18,1,1,15.5299999999997,35.3600000000015,8.81611111111132,22.556111111111,0.77,0.528888888888887,73.6900000000008,0.2,printe
18,2,1,17.2899999999999,28.9900000000017,8.36888888888906,14.615555555556,0.98,0.678888888888886,74.6600000000013,0.62,printe
