ncohort,utype,rtype,bd.sel,od.sel,bd.pts,od.pts,earlystop,overdose,poorall,ov.sel,design
36,1,1,29.6000000000003,57.6499999999989,19.9916666666667,41.1750000000001,2.1,3.61111111111113,62.0499999999986,0.35,tepi
36,2,1,33.8000000000002,56.5499999999989,21.4736111111111,40.3152777777779,1.7,4.08888888888891,58.8499999999988,0.95,tepi
18,1,1,24.250000000001,49.5399999999987,14.2644444444454,31.593888888888,0.87,2.64500000000003,53.8999999999978,0.63,tepi
18,2,1,26.8100000000014,45.8599999999994,14.7816666666677,27.3316666666659,0.98,2.99333333333337,52.3499999999982,1.32,tepi
