ncohort,utype,rtype,bd.sel,od.sel,bd.pts,od.pts,earlystop,overdose,poorall,ov.sel,design
36,1,1,22.6000000000002,46.2499999999995,16.2583333333333,34.7166666666667,1.9,1.29722222222222,67.4499999999983,0.15,utpi
36,2,1,21.8500000000002,37.4,15.2763888888889,26.5222222222223,1.2,1.49305555555555,71.9499999999981,0.6,utpi
18,1,1,18.8600000000001,40.2600000000006,12.034444444445,27.4661111111106,0.6,1.55555555555556,64.329999999996,0.42,utpi
18,2,1,19.5500000000003,32.5700000000021,11.0844444444448,19.0583333333333,0.73,1.7638888888889,69.1099999999985,0.980000000000001,utpi
18,1,1,18.8600000000001,40.2600000000006,12.034444444445,27.4661111111106,0.6,1.55555555555556,64.329999999996,0.42,utpi
18,2,1,19.5500000000003,32.5700000000021,11.0844444444448,19.0583333333333,0.73,1.7638888888889,69.1099999999985,0.980000000000001,utpi
