"ncohort","utype","rtype","bd.sel","od.sel","bd.pts","od.pts","earlystop","overdose","poorall","ov.sel","design"
"12","1","1","30.590000000002","45.4999999999995","18.1424999999992","29.9116666666654","14.53","1.16416666666667","64.5699999999961","0.43","boin12"
"18","1","1","35.2800000000016","50.2899999999986","22.0627777777774","34.7566666666659","16.82","1.21944444444444","57.2299999999972","0.38","boin12"
"12","2","1","35.0900000000016","45.2199999999996","20.0683333333325","26.9658333333322","13.41","1.63249999999998","59.0699999999968","0.870000000000001","boin12"
"18","2","1","39.9500000000006","51.0399999999984","24.3972222222217","32.6894444444435","15.19","1.62333333333334","51.8299999999983","0.58","boin12"
