"ncohort","utype","rtype","bd.sel","od.sel","bd.pts","od.pts","earlystop","overdose","poorall","ov.sel","design"
"12","1","1","29.8900000000019","45.2799999999996","20.5416666666661","33.1049999999989","6.68","0.966666666666672","63.6399999999959","0.34","boinet"
"18","1","1","32.2300000000022","48.5199999999989","24.9411111111107","39.0299999999998","8.53","0.887777777777769","59.1499999999968","0.15","boinet"
"12","2","1","29.2700000000018","38.200000000001","18.4341666666662","24.9299999999992","6.56","0.95083333333334","67.6099999999977","0.49","boinet"
"18","2","1","32.770000000002","42.1300000000002","22.7305555555552","30.0049999999994","7.6","0.906111111111101","62.2699999999962","0.32","boinet"
