"ncohort","utype","rtype","bd.sel","od.sel","bd.pts","od.pts","earlystop","overdose","poorall","ov.sel","design"
"12","1","1","32.3900000000021","48.009999999999","23.111666666666","36.6666666666661","6.69","1.25166666666666","59.7599999999967","0.26","ji3"
"18","1","1","34.8700000000016","51.0999999999984","27.9877777777771","42.7033333333332","8.1","1.23777777777777","56.0899999999974","0.18","ji3"
"12","2","1","32.970000000002","42.8200000000001","22.4199999999994","29.8958333333326","6.1","1.39249999999999","60.8099999999965","0.61","ji3"
"18","2","1","35.5300000000015","45.4799999999995","26.6222222222215","35.0805555555551","7.47","1.20111111111111","58.4199999999969","0.42","ji3"
