"ncohort","utype","rtype","bd.sel","od.sel","bd.pts","od.pts","earlystop","overdose","poorall","ov.sel","design"
"12","1","1","25.6800000000012","39.9100000000006","18.115833333333","30.0508333333325","15.58","0.670000000000003","68.8399999999983","0.21","stein"
"18","1","1","29.1300000000018","43.7399999999999","22.3683333333331","35.3238888888886","18.32","0.706111111111105","63.9099999999959","0.2","stein"
"12","2","1","26.7100000000014","34.7700000000017","17.0108333333331","23.0149999999994","14.99","0.809166666666671","70.3599999999991","0.38","stein"
"18","2","1","28.8400000000017","36.8700000000012","20.2377777777776","26.808333333333","17.68","0.683888888888883","67.5099999999976","0.23","stein"
