"ncohort","utype","rtype","bd.sel","od.sel","bd.pts","od.pts","earlystop","overdose","poorall","ov.sel","design"
"12","1","1","28.8900000000017","44.3199999999998","19.4316666666663","31.9183333333325","6.39","0.801666666666672","65.0799999999964","0.18","utpi"
"18","1","1","32.2400000000022","47.919999999999","23.8955555555551","37.3566666666665","8.31","0.794999999999991","62.2299999999962","0.2","utpi"
"12","2","1","28.5900000000017","37.4000000000011","17.8999999999998","24.3624999999994","6.05","0.857500000000006","69.0999999999984","0.47","utpi"
"18","2","1","33.010000000002","42.1500000000002","23.0072222222219","30.4488888888885","7.9","0.819999999999991","63.7999999999959","0.25","utpi"
