"ncohort","utype","rtype","bd.sel","od.sel","bd.pts","od.pts","earlystop","overdose","poorall","ov.sel","design"
"12","1","1","33.9300000000018","47.859999999999","24.6341666666662","36.5658333333327","4.61","0.935833333333338","59.0299999999968","0.32","printe"
"18","1","1","36.8900000000012","51.2799999999984","29.3988888888881","42.2366666666665","6.34","0.733888888888884","55.4299999999975","0.16","printe"
"12","2","1","33.180000000002","43.17","20.7866666666663","28.0708333333327","4.31","0.750000000000003","64.9299999999963","0.46","printe"
"18","2","1","35.4900000000015","45.5199999999995","24.8749999999994","32.9211111111107","5.43","0.690555555555552","61.5799999999963","0.53","printe"
