"ncohort","utype","rtype","bd.sel","od.sel","bd.pts","od.pts","earlystop","overdose","poorall","ov.sel","design"
"12","1","1","34.9900000000016","48.139999999999","24.1374999999988","34.7016666666657","14.23","2.58999999999999","53.4799999999979","0.3","tepi"
"18","1","1","39.0400000000008","52.1499999999982","29.3077777777764","40.5366666666661","15.43","3.34000000000002","47.2099999999992","0.33","tepi"
"12","2","1","40.9300000000004","52.1499999999982","25.7749999999986","35.5583333333324","12.41","2.54999999999999","50.1899999999986","1.27","tepi"
"18","2","1","45.0599999999996","57.3699999999972","31.4333333333321","44.0388888888883","13.27","3.36388888888892","43.6999999999999","0.980000000000001","tepi"
