"ncohort","utype","rtype","bd.sel","od.sel","bd.pts","od.pts","earlystop","overdose","poorall","ov.sel","design"
"12","1","1","56.8699999999973","73.5000000000007","46.9149999999995","61.312499999999","10.14","2.77416666666666","22.7900000000008","1.1","boin12"
"18","1","1","57.4299999999971","75.1200000000015","49.4955555555552","64.7650000000012","11.06","2.46666666666674","26.0900000000013","0.59","boin12"
"12","2","1","51.8899999999982","73.9300000000009","44.2691666666658","60.3141666666656","9.42","3.64000000000002","23.7500000000009","2.06","boin12"
"18","2","1","52.879999999998","75.1300000000015","47.0116666666662","63.8211111111131","10.32","3.27888888888899","25.4200000000012","1.34","boin12"
