"ncohort","utype","rtype","bd.sel","od.sel","bd.pts","od.pts","earlystop","overdose","poorall","ov.sel","design"
"12","1","1","54.9399999999976","67.9699999999979","48.8866666666632","61.2749999999959","12.05","1.16","38.260000000001","0.35","stein"
"18","1","1","55.6499999999975","68.4599999999981","50.6333333333361","62.9455555555594","13.84","0.884444444444437","38.000000000001","0.19","stein"
"12","2","1","52.929999999998","64.4599999999961","47.1324999999967","57.0441666666629","12.19","1.11166666666667","39.8800000000006","0.54","stein"
"18","2","1","54.1199999999978","65.5499999999966","49.3972222222246","59.5783333333374","13.01","0.899444444444436","39.3000000000008","0.5","stein"
