"ncohort","utype","rtype","bd.sel","od.sel","bd.pts","od.pts","earlystop","overdose","poorall","ov.sel","design"
"12","1","1","51.7999999999983","72.9500000000004","25.9416666666636","46.4833333333308","5.27","12.2983333333335","66.1199999999969","1.09","tepi"
"18","1","1","53.099999999998","74.090000000001","25.6961111111084","46.6738888888878","5.51","10.530555555556","64.4399999999961","0.6","tepi"
"12","2","1","48.5299999999989","73.6600000000008","26.3299999999971","53.4816666666636","4.98","12.6391666666668","64.6599999999962","2.35999999999999","tepi"
"18","2","1","48.7599999999989","75.2100000000016","26.6694444444416","56.6800000000014","5.42","10.3388888888894","62.7899999999961","1.16","tepi"
