"ncohort","utype","rtype","bd.sel","od.sel","bd.pts","od.pts","earlystop","overdose","poorall","ov.sel","design"
"12","1","1","60.1999999999966","73.8300000000009","52.1341666666632","64.879999999996","6.08","1.315","34.0700000000018","0.44","utpi"
"18","1","1","61.3699999999964","75.3000000000016","55.0850000000037","68.3744444444485","6.36","1.21333333333333","34.1900000000018","0.3","utpi"
"12","2","1","59.4299999999967","71.1399999999995","51.2149999999968","61.1758333333297","5.55","1.34416666666667","35.4100000000015","0.56","utpi"
"18","2","1","59.4099999999967","71.7299999999998","53.5550000000034","64.4505555555606","6.37","1.22388888888889","36.1600000000014","0.35","utpi"
