"ncohort","utype","rtype","bd.sel","od.sel","bd.pts","od.pts","earlystop","overdose","poorall","ov.sel","design"
"12","1","1","60.3799999999966","74.050000000001","52.1583333333297","64.9549999999959","5.47","1.31666666666667","34.6200000000017","0.37","boinet"
"18","1","1","61.5599999999963","75.0100000000015","55.2216666666705","68.1983333333374","6.76","1.01277777777777","34.6400000000017","0.29","boinet"
"12","2","1","57.2899999999972","69.3399999999986","49.5416666666634","59.6524999999961","5.86","1.40166666666666","37.6800000000011","0.73","boinet"
"18","2","1","57.2799999999972","69.5799999999987","51.6200000000031","62.3211111111159","7.12","1.00277777777777","38.5500000000009","0.48","boinet"
