"ncohort","utype","rtype","bd.sel","od.sel","bd.pts","od.pts","earlystop","overdose","poorall","ov.sel","design"
"12","1","1","59.1399999999968","72.8900000000004","52.1766666666627","64.9399999999959","6.47","1.89916666666666","36.4300000000013","0.41","ji3"
"18","1","1","59.8899999999967","73.6900000000008","53.8566666666708","67.0594444444491","7.02","1.64055555555556","36.1200000000014","0.36","ji3"
"12","2","1","56.7499999999973","69.4999999999986","50.3724999999965","61.1891666666625","6.48","1.86583333333332","38.140000000001","0.8","ji3"
"18","2","1","57.4799999999971","71.0099999999994","52.2005555555595","64.1811111111173","6.77","1.38722222222222","38.4700000000009","0.38","ji3"
