"ncohort","utype","rtype","bd.sel","od.sel","bd.pts","od.pts","earlystop","overdose","poorall","ov.sel","design"
"12","1","1","56.4699999999973","68.7999999999983","48.2349999999969","60.0983333333295","11.29","1.0125","39.9600000000006","0.29","printe"
"18","1","1","56.9599999999972","69.6499999999987","50.3650000000033","62.3794444444491","11.44","0.827777777777771","40.2300000000006","0.2","printe"
"12","2","1","53.7499999999979","65.0799999999964","45.9508333333303","55.4066666666632","11.01","0.880000000000003","42.5400000000001","0.4","printe"
"18","2","1","54.7899999999977","66.3799999999971","48.6227777777806","58.6738888888934","11.25","0.804999999999993","41.8800000000002","0.38","printe"
