"ncohort","utype","rtype","bd.sel","od.sel","bd.pts","od.pts","earlystop","overdose","poorall","ov.sel","design"
"12","1","1","16.4799999999998","31.1600000000021","12.3833333333333","23.1366666666661","6.41","0","76.2700000000021","0","boinet"
"18","1","1","19.8600000000003","35.3600000000015","16.722777777778","28.9561111111108","8.04","0","70.7099999999993","0","boinet"
"12","2","1","19.9300000000003","25.8100000000012","11.9449999999999","15.9283333333332","6.1","0","77.4200000000027","0","boinet"
"18","2","1","22.7000000000007","29.3500000000018","15.8105555555559","20.725","7.3","0","72.16","0","boinet"
