"ncohort","utype","rtype","bd.sel","od.sel","bd.pts","od.pts","earlystop","overdose","poorall","ov.sel","design"
"12","1","1","27.5900000000015","44.2299999999998","38.6558333333334","46.9200000000011","6.09","0","32.6900000000021","0","tepi"
"18","1","1","29.2400000000018","46.9999999999992","49.1755555555546","57.1416666666657","7.16","0","26.7200000000014","0","tepi"
"12","2","1","35.5100000000015","43.32","39.4391666666669","43.2358333333343","5.17","0","31.8000000000022","0","tepi"
"18","2","1","37.3100000000011","45.2499999999996","49.2616666666656","52.9622222222209","6.4","0","26.2500000000013","0","tepi"
