"ncohort","utype","rtype","bd.sel","od.sel","bd.pts","od.pts","earlystop","overdose","poorall","ov.sel","design"
"12","1","1","75.1400000000015","83.5000000000058","73.1524999999985","84.0191666666708","4.03","2.95416666666666","24.320000000001","0.62","boinet"
"18","1","1","74.2400000000011","83.3300000000057","72.008333333333","82.9394444444483","4.91","2.20222222222223","25.7100000000012","0.29","boinet"
"12","2","1","71.0599999999994","86.3400000000073","73.0974999999982","90.0758333333409","4.41","3.11083333333333","24.280000000001","1.6","boinet"
"18","2","1","71.0199999999994","86.9400000000076","72.4644444444441","89.6850000000078","5.16","2.29500000000001","25.0800000000011","0.970000000000001","boinet"
