"ncohort","utype","rtype","bd.sel","od.sel","bd.pts","od.pts","earlystop","overdose","poorall","ov.sel","design"
"12","1","1","75.3500000000016","84.4100000000063","72.6083333333318","84.2733333333372","2.58","3.1475","24.250000000001","0.52","ji3"
"18","1","1","75.2900000000016","84.0400000000061","71.8899999999995","82.9205555555595","3.37","2.67166666666668","24.7900000000011","0.28","ji3"
"12","2","1","70.209999999999","86.7200000000075","72.0866666666646","90.0375000000075","3.06","3.2475","24.7200000000011","1.38","ji3"
"18","2","1","70.5599999999992","86.7300000000075","71.8283333333329","89.4422222222299","3.33","2.64277777777779","24.9800000000011","1.04","ji3"
