"ncohort","utype","rtype","bd.sel","od.sel","bd.pts","od.pts","earlystop","overdose","poorall","ov.sel","design"
"12","1","1","77.4500000000027","85.9800000000071","76.0991666666664","85.5791666666713","2.85","1.78083333333333","20.9800000000005","0.33","printe"
"18","1","1","77.1700000000026","85.6000000000069","75.3005555555561","84.5405555555604","3.7","1.47333333333333","22.1000000000007","0.25","printe"
"12","2","1","72.8100000000003","87.9300000000081","75.7708333333329","90.600000000008","3.25","1.86249999999999","21.3900000000005","1.22","printe"
"18","2","1","73.1300000000005","87.8900000000081","75.2044444444448","89.9961111111191","3.66","1.44611111111111","22.4500000000007","0.860000000000001","printe"
