"ncohort","utype","rtype","bd.sel","od.sel","bd.pts","od.pts","earlystop","overdose","poorall","ov.sel","design"
"12","1","1","78.1200000000031","86.4600000000073","77.6733333333337","86.6591666666719","3.52","1.35833333333333","18.9800000000002","0.27","stein"
"18","1","1","77.930000000003","85.9600000000071","77.3111111111125","85.9372222222277","4.57","1.07555555555555","20.0100000000003","0.21","stein"
"12","2","1","74.9100000000014","88.8800000000086","77.5975000000005","91.3350000000084","3.86","1.48","19.1400000000002","1.01","stein"
"18","2","1","75.1300000000015","89.0300000000086","77.2383333333347","90.9933333333419","4.57","1.07055555555555","20.3600000000004","0.67","stein"
