"ncohort","utype","rtype","bd.sel","od.sel","bd.pts","od.pts","earlystop","overdose","poorall","ov.sel","design"
"12","1","1","58.189999999997","73.5800000000007","25.5783333333302","50.9849999999967","2.67","13.1949999999999","67.8799999999978","1.11","tepi"
"18","1","1","59.3999999999968","74.4800000000012","23.4633333333306","47.76722222222","3.44","11.7811111111116","73.0200000000005","0.47","tepi"
"12","2","1","47.3499999999991","79.0400000000035","25.5824999999968","72.6266666666644","3.14","13.1408333333333","67.5999999999977","2.69999999999999","tepi"
"18","2","1","49.1499999999988","80.5200000000043","23.6249999999974","71.3405555555538","3.57","11.6688888888893","72.7600000000003","1.73","tepi"
