"ncohort","utype","rtype","bd.sel","od.sel","bd.pts","od.pts","earlystop","overdose","poorall","ov.sel","design"
"12","1","1","74.7400000000013","83.0300000000056","72.234999999998","83.7008333333368","3.32","3.46416666666667","22.2100000000007","0.880000000000001","utpi"
"18","1","1","76.7600000000024","84.8100000000065","74.0111111111113","84.6822222222276","3.61","2.55944444444446","20.7200000000004","0.37","utpi"
"12","2","1","72.09","87.770000000008","72.9758333333315","90.1091666666742","3.55","2.92083333333332","23.0200000000008","1.02","utpi"
"18","2","1","73.3700000000006","88.8600000000086","73.0872222222222","90.4666666666751","3.7","2.40444444444445","23.2600000000008","0.840000000000001","utpi"
