"ncohort","utype","rtype","bd.sel","od.sel","bd.pts","od.pts","earlystop","overdose","poorall","ov.sel","design"
"12","1","1","68.209999999998","79.3200000000037","64.0749999999951","77.9666666666677","2.63","4.11166666666672","14.9899999999997","1","boin12"
"18","1","1","69.8499999999988","80.7200000000044","66.0027777777835","78.572222222225","3.61","3.13055555555564","16.8099999999998","0.66","boin12"
"12","2","1","50.5399999999985","80.8000000000044","56.5058333333292","85.6725000000046","3.36","5.3091666666668","20.0900000000003","3.46999999999997","boin12"
"18","2","1","52.7599999999981","83.3400000000057","57.0716666666701","86.1694444444493","3.66","4.54833333333347","22.1900000000007","2.52999999999999","boin12"
