"ncohort","utype","rtype","bd.sel","od.sel","bd.pts","od.pts","earlystop","overdose","poorall","ov.sel","design"
"12","1","1","77.5000000000027","83.3100000000057","75.3799999999994","83.2408333333368","4.15","2.23916666666666","22.3700000000007","0.51","boinet"
"18","1","1","76.7500000000024","83.2200000000057","74.1461111111117","82.2955555555592","5.12","1.76611111111112","23.6300000000009","0.31","boinet"
"12","2","1","71.8899999999999","86.4500000000073","75.1658333333326","90.367500000008","4.22","2.41583333333333","22.6000000000007","1.56","boinet"
"18","2","1","71.8499999999999","86.8100000000075","74.6688888888894","89.6933333333408","5.19","1.70611111111112","23.3700000000009","1.13","boinet"
