"ncohort","utype","rtype","bd.sel","od.sel","bd.pts","od.pts","earlystop","overdose","poorall","ov.sel","design"
"12","1","1","75.5300000000017","82.4200000000053","71.3949999999977","81.3566666666692","3.12","3.42583333333333","25.1100000000011","0.56","ji3"
"18","1","1","76.2800000000021","83.2800000000057","71.5899999999993","80.8672222222254","3.38","2.5538888888889","24.510000000001","0.23","ji3"
"12","2","1","68.9399999999984","85.3000000000067","71.6683333333311","89.5500000000074","3.28","3.29333333333333","24.9300000000011","1.71","ji3"
"18","2","1","70.8499999999993","87.0200000000076","72.1499999999995","89.7877777777858","3.3","2.70500000000001","23.7700000000009","1.19","ji3"
