"ncohort","utype","rtype","bd.sel","od.sel","bd.pts","od.pts","earlystop","overdose","poorall","ov.sel","design"
"12","1","1","22.1400000000007","38.9700000000008","18.8749999999989","32.0349999999987","0.41","0","67.1699999999975","0","boin12"
"18","1","1","25.4300000000012","43.3899999999999","20.1072222222219","33.9816666666655","0.75","0","66.4599999999971","0","boin12"
"12","2","1","32.0800000000022","39.8500000000006","20.7624999999986","26.0849999999983","0.42","0","64.2099999999959","0","boin12"
"18","2","1","36.8000000000012","44.7099999999997","22.6544444444436","28.5949999999986","0.7","0","60.5699999999965","0","boin12"
