"ncohort","utype","rtype","bd.sel","od.sel","bd.pts","od.pts","earlystop","overdose","poorall","ov.sel","design"
"12","1","1","21.9300000000006","38.4700000000009","23.7683333333327","37.143333333333","0.59","0","58.339999999997","0","boinet"
"18","1","1","24.230000000001","41.2800000000004","28.066111111111","41.885555555555","0.65","0","56.1999999999974","0","boinet"
"12","2","1","27.3400000000015","34.0800000000018","22.6383333333326","27.8449999999993","0.4","0","59.7999999999967","0","boinet"
"18","2","1","31.2800000000021","39.0600000000008","27.9183333333332","34.0033333333329","0.64","0","55.2599999999976","0","boinet"
