"ncohort","utype","rtype","bd.sel","od.sel","bd.pts","od.pts","earlystop","overdose","poorall","ov.sel","design"
"12","1","1","18.17","35.5100000000015","16.9133333333332","29.3274999999992","0.58","0","67.0399999999974","0","printe"
"18","1","1","21.2500000000005","39.3100000000007","23.4099999999999","36.623888888889","0.83","0","60.4699999999965","0","printe"
"12","2","1","25.8000000000012","32.770000000002","17.6749999999998","21.9858333333329","0.48","0","65.7899999999968","0","printe"
"18","2","1","30.870000000002","38.250000000001","24.9127777777776","30.0327777777775","0.8","0","57.939999999997","0","printe"
