"ncohort","utype","rtype","bd.sel","od.sel","bd.pts","od.pts","earlystop","overdose","poorall","ov.sel","design"
"12","1","1","15.8099999999997","32.5200000000021","12.1724999999999","25.0416666666661","0.64","0","76.4300000000022","0","stein"
"18","1","1","19.0100000000002","37.1000000000012","15.9488888888892","30.317222222222","1.47","0","71.4499999999996","0","stein"
"12","2","1","20.5700000000004","27.4200000000015","11.8174999999999","16.1558333333332","0.55","0","77.4200000000027","0","stein"
"18","2","1","24.9200000000011","32.1600000000022","15.4250000000005","20.5033333333333","1.01","0","72.0299999999999","0","stein"
