"ncohort","utype","rtype","bd.sel","od.sel","bd.pts","od.pts","earlystop","overdose","poorall","ov.sel","design"
"12","1","1","21.0000000000005","37.870000000001","19.6483333333328","33.5358333333328","0.48","0","60.6399999999965","0","utpi"
"18","1","1","23.5000000000009","42.2600000000002","22.1466666666663","37.1822222222215","0.58","0","65.0699999999964","0","utpi"
"12","2","1","25.0900000000011","32.2900000000021","19.7899999999991","25.0583333333325","0.24","0","66.4499999999971","0","utpi"
"18","2","1","28.0000000000016","35.5100000000015","23.4577777777774","29.2716666666659","0.52","0","64.4699999999961","0","utpi"
