"ncohort","utype","rtype","bd.sel","od.sel","bd.pts","od.pts","earlystop","overdose","poorall","ov.sel","design"
"12","1","1","44.3499999999997","59.6799999999967","33.3474999999986","46.8191666666655","2.29","2.67999999999999","47.7799999999991","0.6","printe"
"18","1","1","46.4399999999993","62.7099999999961","36.8449999999993","50.976111111112","3.38","2.63111111111112","47.0199999999992","0.54","printe"
"12","2","1","45.1999999999996","59.5199999999967","32.3983333333319","43.1516666666658","2.45","2.72833333333332","48.6799999999989","1.5","printe"
"18","2","1","46.9999999999992","61.9199999999963","35.5822222222217","47.899444444445","3.57","2.91388888888891","47.2399999999992","1.3","printe"
