"ncohort","utype","rtype","bd.sel","od.sel","bd.pts","od.pts","earlystop","overdose","poorall","ov.sel","design"
"12","1","1","34.0500000000018","49.4199999999987","25.5299999999992","38.9566666666659","1.58","1.62833333333333","55.2899999999976","0.34","printe"
"18","1","1","37.2400000000012","53.309999999998","30.7749999999988","44.9099999999999","2.13","1.96611111111112","50.1599999999986","0.28","printe"
"12","2","1","38.170000000001","49.2899999999988","23.4683333333326","32.224166666666","1.27","2.12749999999999","57.2399999999972","1.27","printe"
"18","2","1","40.4700000000005","52.8599999999981","28.173888888888","38.5222222222217","1.94","1.91666666666667","52.3299999999982","0.920000000000001","printe"
