"ncohort","utype","rtype","bd.sel","od.sel","bd.pts","od.pts","earlystop","overdose","poorall","ov.sel","design"
"12","1","1","33.4900000000019","48.8799999999988","25.7508333333327","39.0274999999994","3.02","1.20916666666667","55.6599999999975","0.29","stein"
"18","1","1","36.6700000000013","52.1999999999982","30.4216666666657","44.1116666666664","4.26","1.27611111111111","51.3599999999984","0.29","stein"
"12","2","1","36.3200000000013","46.3999999999993","22.9508333333327","30.4133333333325","2.52","1.51166666666666","59.8799999999967","0.950000000000001","stein"
"18","2","1","39.0600000000008","49.5699999999987","26.7822222222215","35.136666666666","4.1","1.47333333333334","55.4799999999975","0.8","stein"
