"ncohort","utype","rtype","bd.sel","od.sel","bd.pts","od.pts","earlystop","overdose","poorall","ov.sel","design"
"12","1","1","34.9500000000016","50.3899999999985","25.9099999999995","39.0249999999994","1.78","1.64416666666665","48.8399999999989","0.42","utpi"
"18","1","1","39.8500000000006","55.4499999999975","29.652222222221","43.4733333333329","2.52","1.6438888888889","50.4299999999985","0.34","utpi"
"12","2","1","35.6000000000015","46.0199999999994","23.1124999999992","30.8424999999991","1.39","1.52749999999999","61.1799999999964","0.880000000000001","utpi"
"18","2","1","39.8300000000006","50.1899999999986","28.1983333333325","36.6988888888883","2.05","1.445","56.6599999999973","0.930000000000001","utpi"
