"ncohort","utype","rtype","bd.sel","od.sel","bd.pts","od.pts","earlystop","overdose","poorall","ov.sel","design"
"12","1","1","65.8199999999968","74.2900000000011","50.4799999999961","66.9008333333298","3.14","8.25500000000015","41.2100000000004","1.2","boinet"
"18","1","1","66.7299999999972","75.4600000000017","48.588333333333","64.591111111108","3.32","7.772777777778","43.09","1","boinet"
"12","2","1","52.3599999999982","78.9100000000035","52.8408333333292","86.2058333333384","3.44","8.29750000000012","39.0900000000008","4.42999999999995","boinet"
"18","2","1","53.4999999999979","79.8300000000039","51.7466666666664","84.5588888888939","4.05","7.02444444444462","40.7400000000005","2.95999999999998","boinet"
