"ncohort","utype","rtype","bd.sel","od.sel","bd.pts","od.pts","earlystop","overdose","poorall","ov.sel","design"
"12","1","1","67.8899999999978","76.3300000000021","55.1399999999961","69.9558333333307","2.93","6.88333333333347","31.9800000000022","1.38","stein"
"18","1","1","69.1699999999985","77.930000000003","56.1188888888878","69.9972222222216","3.32","5.80222222222237","29.2400000000018","0.830000000000001","stein"
"12","2","1","54.4799999999977","80.6200000000043","56.529999999996","87.156666666672","3.47","7.05916666666682","31.0900000000021","4.39999999999995","stein"
"18","2","1","56.6499999999973","82.1800000000051","57.9888888888881","87.0888888888951","4.33","5.59777777777792","27.4000000000015","3.02999999999998","stein"
