"ncohort","utype","rtype","bd.sel","od.sel","bd.pts","od.pts","earlystop","overdose","poorall","ov.sel","design"
"12","1","1","15.6699999999997","29.5300000000018","9.89833333333323","19.461666666666","17.02","0","83.1800000000056","0","boin12"
"18","1","1","21.6100000000006","36.2400000000014","13.787222222223","24.2372222222217","19.34","0","73.7400000000008","0","boin12"
"12","2","1","22.9000000000008","29.9000000000019","12.2874999999997","16.7024999999994","14.75","0","77.7700000000029","0","boin12"
"18","2","1","28.4600000000016","35.9200000000014","16.738333333334","21.7049999999996","16.6","0","67.9799999999979","0","boin12"
