"ncohort","utype","rtype","bd.sel","od.sel","bd.pts","od.pts","earlystop","overdose","poorall","ov.sel","design"
"12","1","1","20.7000000000004","35.4900000000015","17.2499999999997","28.4783333333325","6.71","0","67.6399999999977","0","ji3"
"18","1","1","22.9300000000008","38.200000000001","22.4599999999999","34.5944444444442","8.22","0","63.069999999996","0","ji3"
"12","2","1","24.180000000001","30.400000000002","16.2358333333332","20.5983333333329","6.16","0","69.3199999999986","0","ji3"
"18","2","1","27.2000000000015","33.3500000000019","21.1261111111109","25.7699999999997","7.31","0","65.1799999999964","0","ji3"
