"ncohort","utype","rtype","bd.sel","od.sel","bd.pts","od.pts","earlystop","overdose","poorall","ov.sel","design"
"12","1","1","13.3699999999998","26.4200000000013","9.98249999999998","19.4299999999996","16.02","0","81.4400000000048","0","printe"
"18","1","1","15.8199999999997","29.3800000000018","13.2750000000002","23.6583333333331","17.93","0","77.2400000000026","0","printe"
"12","2","1","15.5999999999997","20.6700000000004","9.07083333333337","12.2574999999999","14.88","0","83.3100000000057","0","printe"
"18","2","1","19.0700000000002","24.7500000000011","12.4066666666669","16.4772222222224","16.46","0","78.4700000000032","0","printe"
