"ncohort","utype","rtype","bd.sel","od.sel","bd.pts","od.pts","earlystop","overdose","poorall","ov.sel","design"
"12","1","1","13.8299999999997","27.3600000000015","10.2658333333333","20.4149999999995","17.48","0","81.2800000000047","0","stein"
"18","1","1","14.8899999999997","28.7900000000017","12.2038888888891","23.4055555555554","21.97","0","79.1800000000036","0","stein"
"12","2","1","15.8099999999997","21.5100000000006","9.52166666666665","13.3058333333332","15.56","0","82.5700000000053","0","stein"
"18","2","1","16.5599999999998","22.7900000000008","11.4522222222225","15.992777777778","19.74","0","80.3600000000042","0","stein"
