"ncohort","utype","rtype","bd.sel","od.sel","bd.pts","od.pts","earlystop","overdose","poorall","ov.sel","design"
"12","1","1","15.1099999999997","28.6700000000017","10.4316666666666","20.3308333333329","7.62","0","80.5000000000043","0","utpi"
"18","1","1","18.5300000000001","33.090000000002","13.7127777777781","25.013333333333","9.83","0","77.1700000000026","0","utpi"
"12","2","1","16.5699999999998","22.8600000000008","9.76333333333335","13.8149999999999","6.35","0","82.5600000000053","0","utpi"
"18","2","1","20.3200000000004","27.1800000000014","13.9788888888891","18.7844444444444","7.5","0","76.8800000000024","0","utpi"
