"ncohort","utype","rtype","bd.sel","od.sel","bd.pts","od.pts","earlystop","overdose","poorall","ov.sel","design"
"12","1","1","34.7600000000017","49.5399999999987","27.7974999999992","40.8116666666662","2.88","1.88083333333332","52.7999999999981","0.37","ji3"
"18","1","1","38.9600000000008","54.5999999999977","32.9438888888877","47.0127777777775","3.59","1.65055555555555","49.5199999999987","0.15","ji3"
"12","2","1","37.1100000000012","48.279999999999","25.3816666666659","34.1108333333328","2.68","1.93416666666666","56.2399999999974","0.71","ji3"
"18","2","1","39.1900000000008","50.3899999999985","29.7944444444435","39.3744444444438","3.51","1.79444444444444","53.5899999999979","0.55","ji3"
