"ncohort","utype","rtype","bd.sel","od.sel","bd.pts","od.pts","earlystop","overdose","poorall","ov.sel","design"
"12","1","1","27.3400000000015","44.5199999999997","18.8866666666662","33.3233333333323","2.06","1.0325","64.7299999999962","0.21","printe"
"18","1","1","31.010000000002","49.0999999999988","23.3999999999994","38.4733333333331","2.7","0.994999999999989","60.3699999999966","0.16","printe"
"12","2","1","29.2500000000018","38.4600000000009","18.3416666666661","25.6574999999993","2.14","1.23916666666666","65.6199999999967","0.42","printe"
"18","2","1","32.840000000002","42.99","23.0477777777774","31.3477777777771","2.77","1.31555555555556","60.2699999999966","0.45","printe"
