"ncohort","utype","rtype","bd.sel","od.sel","bd.pts","od.pts","earlystop","overdose","poorall","ov.sel","design"
"12","1","1","27.9400000000016","44.7399999999997","19.5358333333329","33.4241666666657","0.93","1.02833333333334","63.7599999999959","0.32","utpi"
"18","1","1","31.8900000000022","49.4599999999987","23.6166666666662","38.7622222222216","1.32","1.03777777777777","61.0899999999964","0.23","utpi"
"12","2","1","30.970000000002","39.8500000000006","19.6166666666661","26.2408333333325","0.78","1.3025","65.5999999999967","0.49","utpi"
"18","2","1","33.7900000000018","43.5999999999999","23.3777777777774","31.1944444444438","1.26","1.27888888888889","62.2999999999962","0.42","utpi"
