"ncohort","utype","rtype","bd.sel","od.sel","bd.pts","od.pts","earlystop","overdose","poorall","ov.sel","design"
"12","1","1","30.750000000002","46.6899999999993","18.6541666666657","31.0724999999985","4.12","1.23166666666666","64.4599999999961","0.41","boin12"
"18","1","1","36.3500000000013","53.8399999999979","22.3099999999996","36.3672222222214","5.59","1.22611111111111","56.2499999999974","0.38","boin12"
"12","2","1","36.7700000000013","47.2199999999992","20.5091666666657","27.6449999999986","3.3","1.81416666666664","58.7099999999969","0.890000000000001","boin12"
"18","2","1","42.1300000000002","54.0899999999978","24.5811111111106","33.2827777777768","4.66","1.83944444444446","50.4099999999985","0.76","boin12"
