"ncohort","utype","rtype","bd.sel","od.sel","bd.pts","od.pts","earlystop","overdose","poorall","ov.sel","design"
"12","1","1","30.910000000002","47.5399999999991","21.836666666666","35.872499999999","2.49","1.21166666666667","59.7099999999967","0.24","boinet"
"18","1","1","32.820000000002","49.2299999999988","25.9766666666661","40.1755555555553","3.98","1.17944444444444","54.9599999999976","0.29","boinet"
"12","2","1","32.5500000000021","42.2400000000002","20.484166666666","27.8308333333323","2.72","1.35916666666667","61.8999999999963","0.57","boinet"
"18","2","1","36.3600000000013","46.7599999999993","25.1694444444438","33.7144444444439","3.37","1.38055555555555","55.9499999999974","0.44","boinet"
