"ncohort","utype","rtype","bd.sel","od.sel","bd.pts","od.pts","earlystop","overdose","poorall","ov.sel","design"
"12","1","1","33.4700000000019","49.9899999999986","24.4099999999991","38.7916666666662","2.82","1.71916666666665","56.2099999999974","0.33","ji3"
"18","1","1","36.1800000000014","52.879999999998","28.9927777777768","44.2888888888887","4.09","1.62277777777778","52.7999999999981","0.19","ji3"
"12","2","1","35.6800000000015","45.7799999999995","23.6874999999992","31.9366666666659","2.86","2.03583333333332","56.9299999999972","0.69","ji3"
"18","2","1","37.880000000001","48.8699999999988","27.8022222222214","37.5994444444439","4.1","1.76777777777779","54.1799999999978","0.32","ji3"
