"ncohort","utype","rtype","bd.sel","od.sel","bd.pts","od.pts","earlystop","overdose","poorall","ov.sel","design"
"12","1","1","28.1500000000016","44.9199999999996","19.7841666666662","33.2283333333324","4.03","1.01416666666667","64.1999999999959","0.24","stein"
"18","1","1","32.810000000002","48.9399999999988","24.3072222222218","38.1116666666663","6.72","0.928888888888878","58.149999999997","0.19","stein"
"12","2","1","30.640000000002","39.5500000000007","19.1991666666662","25.6949999999992","3.52","1.16083333333334","65.2899999999965","0.42","stein"
"18","2","1","33.240000000002","42.4400000000001","22.1199999999998","29.4444444444439","6.31","1.0461111111111","61.4899999999963","0.45","stein"
