ncohort,utype,rtype,bd.sel,od.sel,bd.pts,od.pts,earlystop,overdose,poorall,ov.sel,design
36,1,1,53.0499999999991,71.7999999999981,48.2416666666674,66.023611111112,3.7,1.17916666666666,35.4000000000001,0.25,stein
36,2,1,47.4999999999994,72.749999999998,47.095833333334,69.5680555555567,5.3,1.18333333333333,36.6000000000001,0.75,stein
18,1,1,50.0199999999986,69.9799999999989,45.6183333333344,64.263333333337,3.24,1.58222222222222,31.5000000000021,0.48,stein
18,2,1,46.6999999999993,72.12,44.7622222222232,66.1188888888938,3.25,1.45055555555555,32.5600000000021,1.18,stein
