ncohort,utype,rtype,bd.sel,od.sel,bd.pts,od.pts,earlystop,overdose,poorall,ov.sel,design
36,1,1,48.9999999999994,69.4999999999982,43.7236111111117,63.2194444444452,2.75,2.31527777777778,41.6499999999998,0.2,utpi
36,2,1,43.5499999999997,71.5499999999981,42.0819444444451,67.2944444444457,2.15,2.88472222222223,45.9999999999995,0.5,utpi
18,1,1,48.079999999999,67.6899999999977,42.4222222222229,61.7583333333368,1.87,3.64111111111113,36.8700000000012,0.78,utpi
18,2,1,43.9699999999998,71.0599999999994,41.9327777777781,65.9188888888939,1.95,3.74500000000002,39.4000000000007,1.66,utpi
18,1,1,48.079999999999,67.6899999999977,42.4222222222229,61.7583333333368,1.87,3.64111111111113,36.8700000000012,0.78,utpi
18,2,1,43.9699999999998,71.0599999999994,41.9327777777781,65.9188888888939,1.95,3.74500000000002,39.4000000000007,1.66,utpi
