"ncohort","utype","rtype","bd.sel","od.sel","bd.pts","od.pts","earlystop","overdose","poorall","ov.sel","design"
"12","1","1","45.4899999999995","60.0399999999966","38.064166666665","51.3408333333315","4.05","2.9175","45.4099999999995","0.61","boinet"
"18","1","1","48.019999999999","63.6399999999959","41.3050000000007","55.7761111111136","4.76","2.24833333333335","44.9099999999996","0.23","boinet"
"12","2","1","44.4799999999997","57.7899999999971","34.6208333333318","45.5374999999985","3.56","3.00666666666667","49.5999999999987","1.26","boinet"
"18","2","1","46.7199999999993","60.9099999999965","38.3072222222223","50.4872222222239","4.75","2.61722222222225","47.7599999999991","0.980000000000001","boinet"
