"ncohort","utype","rtype","bd.sel","od.sel","bd.pts","od.pts","earlystop","overdose","poorall","ov.sel","design"
"12","1","1","45.7699999999995","61.0199999999964","36.8458333333317","50.4341666666651","2.75","3.57","46.1599999999994","0.63","ji3"
"18","1","1","47.5799999999991","63.229999999996","40.0222222222223","54.4833333333354","3.92","3.02500000000002","44.9799999999996","0.43","ji3"
"12","2","1","45.5599999999995","59.8199999999967","34.4999999999983","45.9241666666653","2.35","3.78083333333333","48.8599999999988","1.43","ji3"
"18","2","1","48.179999999999","63.189999999996","38.241111111111","50.9338888888905","3.74","3.41277777777781","46.8299999999993","1","ji3"
