"ncohort","utype","rtype","bd.sel","od.sel","bd.pts","od.pts","earlystop","overdose","poorall","ov.sel","design"
"12","1","1","41.6900000000003","55.7099999999975","32.7149999999987","45.3191666666652","11.16","1.2225","51.0499999999984","0.38","stein"
"18","1","1","43.5999999999999","57.4999999999971","36.2305555555554","49.2255555555568","13.17","1.10499999999999","49.6299999999987","0.23","stein"
"12","2","1","39.9500000000006","50.8799999999984","29.6524999999989","38.2941666666654","11.05","1.39333333333333","55.0599999999976","1.14","stein"
"18","2","1","42.6800000000001","54.1799999999978","33.9550000000001","43.4494444444452","13.03","1.20388888888888","52.0999999999982","0.79","stein"
