"ncohort","utype","rtype","bd.sel","od.sel","bd.pts","od.pts","earlystop","overdose","poorall","ov.sel","design"
"12","1","1","45.9399999999994","62.1299999999962","27.8808333333311","41.5283333333314","7.27","7.44666666666683","54.5799999999977","1.08","tepi"
"18","1","1","47.0599999999992","64.1299999999959","29.5949999999979","43.8055555555547","8.32","6.97333333333356","56.8799999999973","0.56","tepi"
"12","2","1","45.5199999999995","63.6999999999959","29.2783333333312","46.7166666666653","7.16","7.95666666666688","51.1999999999984","2.54999999999999","tepi"
"18","2","1","47.0899999999992","66.1399999999969","30.8055555555533","51.2250000000003","8.15","7.35666666666687","54.6799999999977","1.43","tepi"
