"ncohort","utype","rtype","bd.sel","od.sel","bd.pts","od.pts","earlystop","overdose","poorall","ov.sel","design"
"12","1","1","76.4500000000022","83.4400000000058","57.6433333333293","74.8349999999992","3.53","8.72833333333344","36.4100000000013","0.910000000000001","ji3"
"18","1","1","75.6000000000018","82.7100000000054","56.6461111111105","72.8038888888887","4.68","7.01388888888906","38.4100000000009","0.46","ji3"
"12","2","1","66.299999999997","85.2800000000067","57.8141666666625","86.6225000000053","3.9","8.9175000000001","36.0900000000014","2.62999999999999","ji3"
"18","2","1","66.6499999999972","85.760000000007","58.0266666666663","85.8488888888945","4.76","6.87388888888905","36.8400000000012","1.79","ji3"
