"ncohort","utype","rtype","bd.sel","od.sel","bd.pts","od.pts","earlystop","overdose","poorall","ov.sel","design"
"12","1","1","72.7800000000003","81.4000000000047","35.3024999999966","58.3549999999954","3.73","13.4158333333333","61.2199999999964","0.980000000000001","tepi"
"18","1","1","72.8000000000003","81.6900000000049","34.7922222222201","56.7227777777755","4.8","10.6722222222226","61.4999999999963","0.52","tepi"
"12","2","1","62.9099999999961","83.9700000000061","36.2591666666633","77.8966666666673","4.15","13.3541666666666","59.7599999999967","2.85999999999998","tepi"
"18","2","1","63.9799999999958","84.8700000000065","35.4566666666644","76.391111111112","5.18","10.4005555555559","60.3199999999966","1.66","tepi"
