ncohort,utype,rtype,bd.sel,od.sel,bd.pts,od.pts,earlystop,overdose,poorall,ov.sel,design
36,1,1,14.6500000000001,35.1500000000001,8.35277777777786,21.4722222222223,3.5,0.402777777777777,78.0499999999977,0.15,boin12
36,2,1,24.4500000000002,37.4,12.6819444444445,19.9652777777778,1.75,0.702777777777776,66.9999999999983,0.2,boin12
18,1,1,10.8199999999998,27.7200000000015,6.44111111111132,17.6250000000004,0.83,0.49444444444444,74.6800000000013,0.09,boin12
18,2,1,17.3799999999999,28.2600000000016,8.37666666666706,14.1444444444454,0.72,0.917222222222208,64.6899999999962,0.39,boin12
