ncohort,utype,rtype,bd.sel,od.sel,bd.pts,od.pts,earlystop,overdose,poorall,ov.sel,design
36,1,1,15.8000000000001,37,13.6680555555556,30.2472222222223,0.8,0.531944444444444,72.399999999998,0,ji3
36,2,1,19.8000000000001,30.3000000000003,13.2152777777778,21.4277777777778,1.05,1.07777777777778,71.8499999999981,0.1,ji3
18,1,1,11.9099999999998,30.3200000000019,7.4716666666668,20.3905555555556,0.41,0.738888888888885,75.6700000000018,0.1,ji3
18,2,1,14.6899999999997,23.6100000000009,7.36388888888908,12.5711111111117,0.37,0.955555555555549,74.4700000000012,0.3,ji3
