ncohort,utype,rtype,bd.sel,od.sel,bd.pts,od.pts,earlystop,overdose,poorall,ov.sel,design
36,1,1,11.5,29.7500000000003,7.94861111111114,21.1305555555556,1.65,0.254166666666667,80.8999999999975,0,printe
36,2,1,15.6500000000001,24.1500000000002,8.06527777777782,13.7388888888889,1.6,0.386111111111111,80.6499999999976,0,printe
18,1,1,5.82999999999992,20.7000000000004,3.04666666666668,12.4122222222225,0.94,0.155,88.5900000000084,0.04,printe
18,2,1,8.05999999999987,14.3999999999997,3.10666666666668,6.01388888888895,0.77,0.235555555555556,87.9400000000081,0.23,printe
