ncohort,utype,rtype,bd.sel,od.sel,bd.pts,od.pts,earlystop,overdose,poorall,ov.sel,design
36,1,1,6.49999999999998,23.0000000000002,4.55972222222224,16.4944444444445,4.15,0.143055555555555,88.9999999999971,0.05,stein
36,2,1,10.1,17.2500000000001,4.91527777777779,9.13055555555557,5.2,0.173611111111111,87.6499999999972,0.1,stein
18,1,1,3.95999999999996,16.3099999999998,2.10166666666667,9.86222222222239,2.04,0.086111111111111,92.1800000000103,0.05,stein
18,2,1,5.41999999999993,9.99999999999983,2.03611111111111,4.10277777777779,1.85,0.127222222222222,91.9400000000101,0.12,stein
