"ncohort","utype","rtype","bd.sel","od.sel","bd.pts","od.pts","earlystop","overdose","poorall","ov.sel","design"
"12","1","1","55.2499999999976","74.060000000001","44.1041666666657","61.0249999999993","4.03","3.69750000000005","22.1500000000007","1.45","boin12"
"18","1","1","58.299999999997","76.9900000000025","47.7794444444442","64.6105555555564","5.1","3.23444444444455","22.5700000000007","0.950000000000001","boin12"
"12","2","1","52.6699999999981","75.1200000000015","42.4224999999988","60.0616666666662","3.78","4.96000000000011","22.8600000000008","2.81999999999998","boin12"
"18","2","1","53.7299999999979","76.5600000000023","44.969999999999","63.3344444444456","5.19","4.32722222222238","24.090000000001","1.77","boin12"
