"ncohort","utype","rtype","bd.sel","od.sel","bd.pts","od.pts","earlystop","overdose","poorall","ov.sel","design"
"12","1","1","54.3699999999978","69.7899999999988","44.6608333333308","59.0791666666639","5.76","2.87833333333334","38.3700000000009","0.67","printe"
"18","1","1","55.2999999999976","71.2499999999995","46.5194444444457","61.6066666666694","6.98","2.25722222222225","39.5400000000007","0.38","printe"
"12","2","1","52.1599999999982","69.2099999999985","43.8999999999974","57.8783333333304","5.49","2.88250000000001","39.1500000000008","1.49","printe"
"18","2","1","52.2399999999982","70.089999999999","44.7744444444454","60.4238888888927","6.46","2.47444444444448","41.4400000000003","1.03","printe"
