"ncohort","utype","rtype","bd.sel","od.sel","bd.pts","od.pts","earlystop","overdose","poorall","ov.sel","design"
"12","1","1","48.299999999999","69.4399999999986","25.7416666666636","46.2608333333307","2.94","13.0491666666667","67.7499999999978","1.61","tepi"
"18","1","1","50.4699999999985","72.2800000000001","25.2999999999973","46.4005555555541","3.45","11.3161111111116","66.6199999999972","0.72","tepi"
"12","2","1","46.6599999999993","71.6999999999998","26.9749999999968","54.5324999999968","2.91","13.39","65.8399999999968","2.95999999999998","tepi"
"18","2","1","46.6299999999993","72.7300000000003","26.8705555555528","56.2572222222232","3.72","11.2722222222227","64.239999999996","1.46","tepi"
