"ncohort","utype","rtype","bd.sel","od.sel","bd.pts","od.pts","earlystop","overdose","poorall","ov.sel","design"
"12","1","1","45.4499999999995","59.6099999999967","38.0291666666652","50.8858333333313","4.69","1.80833333333332","47.2099999999992","0.44","boinet"
"18","1","1","48.9299999999988","63.7699999999959","41.5700000000008","55.447222222225","5.5","1.39611111111111","46.0599999999994","0.19","boinet"
"12","2","1","44.2399999999998","55.6099999999975","35.1716666666652","44.5841666666652","4.25","1.87416666666665","50.8999999999984","0.870000000000001","boinet"
"18","2","1","46.0699999999994","57.6499999999971","38.1800000000006","48.2305555555575","5.1","1.42611111111111","50.1499999999986","0.49","boinet"
