"ncohort","utype","rtype","bd.sel","od.sel","bd.pts","od.pts","earlystop","overdose","poorall","ov.sel","design"
"12","1","1","44.6599999999997","58.9799999999968","34.3766666666657","47.1216666666655","7.18","1.01","49.9499999999986","0.3","printe"
"18","1","1","46.8599999999992","60.8699999999965","38.3850000000003","51.1688888888902","9.02","0.864999999999995","48.259999999999","0.25","printe"
"12","2","1","42.4600000000001","52.4999999999981","31.2516666666658","39.1808333333325","7.23","1.00333333333334","53.7899999999979","0.77","printe"
"18","2","1","44.9599999999996","56.3099999999974","35.3161111111112","44.7172222222232","8.28","0.84944444444444","52.0799999999982","0.44","printe"
