"ncohort","utype","rtype","bd.sel","od.sel","bd.pts","od.pts","earlystop","overdose","poorall","ov.sel","design"
"12","1","1","42.2800000000002","55.3299999999976","32.8099999999989","44.7108333333319","12.38","0.827500000000002","52.5899999999981","0.27","stein"
"18","1","1","43.18","56.4999999999973","36.0277777777782","48.2472222222236","14.9","0.654444444444441","52.1099999999982","0.17","stein"
"12","2","1","39.0400000000008","48.9599999999988","29.3266666666658","37.2208333333323","11.92","0.773333333333336","57.0499999999972","0.67","stein"
"18","2","1","40.5400000000005","50.4399999999985","32.6433333333334","41.0944444444453","14.26","0.633888888888886","55.9299999999974","0.38","stein"
