"ncohort","utype","rtype","bd.sel","od.sel","bd.pts","od.pts","earlystop","overdose","poorall","ov.sel","design"
"12","1","1","47.7299999999991","64.289999999996","27.7116666666646","41.2624999999982","7.87","7.81000000000019","53.089999999998","1.16","tepi"
"18","1","1","48.189999999999","64.4399999999961","29.753333333331","43.8666666666657","9.27","6.98666666666688","55.7299999999975","0.54","tepi"
"12","2","1","47.0199999999992","65.9799999999968","29.1158333333313","46.9249999999987","7.58","7.9050000000002","50.4399999999985","2.30999999999999","tepi"
"18","2","1","48.229999999999","67.7599999999978","30.9266666666645","51.4738888888889","8.51","7.26555555555577","53.8799999999978","1.47","tepi"
