"ncohort","utype","rtype","bd.sel","od.sel","bd.pts","od.pts","earlystop","overdose","poorall","ov.sel","design"
"12","1","1","47.1599999999992","62.1499999999962","37.660833333332","51.1399999999983","4.2","2.32333333333332","42.8200000000001","0.55","utpi"
"18","1","1","50.3199999999986","65.4399999999966","41.8222222222231","55.6316666666693","5.4","1.7788888888889","42.7000000000001","0.35","utpi"
"12","2","1","44.2499999999998","56.2299999999974","34.2416666666653","44.2224999999987","4.07","1.84333333333332","50.7599999999985","0.68","utpi"
"18","2","1","47.2899999999992","59.0499999999968","38.8050000000007","48.9688888888907","5.17","1.67666666666667","48.7499999999989","0.54","utpi"
