"ncohort","utype","rtype","bd.sel","od.sel","bd.pts","od.pts","earlystop","overdose","poorall","ov.sel","design"
"12","1","1","33.170000000002","49.0999999999988","28.0658333333324","42.0283333333329","1.69","1.94249999999998","52.2599999999982","0.29","boinet"
"18","1","1","37.0600000000012","53.5999999999979","33.5644444444433","48.1622222222221","2.28","1.78111111111112","48.4299999999989","0.17","boinet"
"12","2","1","37.6200000000011","48.149999999999","26.9558333333325","35.6799999999995","1.26","2.21499999999998","53.6999999999979","0.81","boinet"
"18","2","1","39.8600000000006","51.3099999999984","30.7327777777767","40.8061111111104","2.07","2.01611111111113","51.5199999999983","0.56","boinet"
