"ncohort","utype","rtype","bd.sel","od.sel","bd.pts","od.pts","earlystop","overdose","poorall","ov.sel","design"
"12","1","1","31.9700000000022","47.4299999999991","22.4758333333328","35.6249999999994","2.25","1.3075","59.1099999999968","0.31","printe"
"18","1","1","34.2100000000018","50.3199999999986","27.1449999999995","41.0755555555552","3.25","1.41611111111111","54.8799999999977","0.23","printe"
"12","2","1","34.2000000000018","44.9599999999996","20.6241666666662","28.5774999999994","2.01","1.47333333333333","61.9499999999962","0.830000000000001","printe"
"18","2","1","38.4800000000009","50.0499999999986","26.2788888888884","35.6172222222219","2.72","1.51","55.7199999999975","0.62","printe"
