ncohort,utype,rtype,bd.sel,od.sel,bd.pts,od.pts,earlystop,overdose,poorall,ov.sel,design
36,1,1,31.7500000000003,55.399999999999,24.1680555555555,44.8194444444445,2.15,1.17638888888889,60.3499999999987,0.1,printe
36,2,1,29.6500000000003,48.4999999999994,22.3263888888889,36.6208333333333,2.75,1.44583333333333,62.0999999999986,0.65,printe
18,1,1,27.7700000000015,50.3899999999985,19.1577777777777,36.5961111111107,1.33,1.14222222222222,56.6099999999973,0.41,printe
18,2,1,27.5600000000015,44.4999999999997,17.7633333333334,28.7344444444441,1.34,1.36222222222222,58.309999999997,1.26,printe
