ncohort,utype,rtype,bd.sel,od.sel,bd.pts,od.pts,earlystop,overdose,poorall,ov.sel,design
36,1,1,32.1500000000003,60.3999999999987,18.875,39.6250000000001,2.3,5.20277777777782,67.9999999999983,0.85,tepi
36,2,1,34.5500000000002,62.7999999999986,20.8986111111112,47.9347222222223,2,5.52916666666671,63.5999999999985,0.85,tepi
18,1,1,31.6100000000021,58.5899999999969,17.9844444444444,38.2138888888878,1.36,4.51444444444451,49.2499999999988,0.930000000000001,tepi
18,2,1,32.1300000000022,58.9299999999968,19.4961111111106,40.0583333333322,1.54,4.86111111111119,46.2099999999994,2.08,tepi
