"ncohort","utype","rtype","bd.sel","od.sel","bd.pts","od.pts","earlystop","overdose","poorall","ov.sel","design"
"12","1","1","42.2500000000002","60.7699999999965","31.6483333333319","47.4983333333324","1.55","3.16749999999999","47.1799999999992","0.7","boinet"
"18","1","1","45.4299999999995","64.279999999996","36.0633333333326","52.9322222222228","1.8","2.86722222222226","43.7399999999999","0.37","boinet"
"12","2","1","43.9399999999998","57.8299999999971","30.5449999999985","41.717499999999","1.45","3.71083333333333","47.8099999999991","1.27","boinet"
"18","2","1","45.0099999999996","59.5599999999967","33.8799999999992","46.4766666666669","1.78","3.04611111111117","46.0599999999994","1.07","boinet"
