"ncohort","utype","rtype","bd.sel","od.sel","bd.pts","od.pts","earlystop","overdose","poorall","ov.sel","design"
"12","1","1","43.3299999999999","61.9999999999962","28.930833333332","44.7583333333323","1.82","2.41416666666664","43.16","0.76","boin12"
"18","1","1","46.9499999999992","66.7199999999972","32.7127777777759","49.5349999999997","2.13","2.35055555555562","38.170000000001","0.820000000000001","boin12"
"12","2","1","46.3199999999994","61.3299999999964","29.5249999999989","40.4524999999988","1.58","3.43000000000002","40.0500000000006","2.1","boin12"
"18","2","1","50.1599999999986","67.3899999999976","33.2938888888875","45.5088888888883","1.8","3.38777777777789","35.0800000000016","1.78","boin12"
