"ncohort","utype","rtype","bd.sel","od.sel","bd.pts","od.pts","earlystop","overdose","poorall","ov.sel","design"
"12","1","1","42.2500000000002","61.5199999999963","31.747499999998","48.6241666666652","2.44","4.03666666666669","51.5999999999983","0.64","ji3"
"18","1","1","44.5899999999997","63.4599999999959","34.5538888888876","51.3461111111119","2.43","3.81611111111117","50.9499999999984","0.26","ji3"
"12","2","1","42.5600000000001","58.6799999999969","31.4841666666648","44.7899999999986","1.98","4.92833333333339","51.2099999999984","1.56","ji3"
"18","2","1","43.8899999999998","59.4099999999967","33.7027777777766","48.0333333333339","2.52","4.19888888888898","50.9199999999984","0.8","ji3"
