"ncohort","utype","rtype","bd.sel","od.sel","bd.pts","od.pts","earlystop","overdose","poorall","ov.sel","design"
"12","1","1","62.2899999999962","72.9600000000004","54.9583333333291","65.3574999999958","4.72","1.78166666666665","34.0400000000018","0.41","boinet"
"18","1","1","62.7899999999961","73.7300000000008","56.5577777777829","67.4727777777826","5.65","1.58555555555556","34.4900000000017","0.28","boinet"
"12","2","1","57.8199999999971","71.6899999999998","50.6641666666629","62.4008333333288","4.78","1.76999999999999","38.4300000000009","0.910000000000001","boinet"
"18","2","1","59.4499999999967","72.7400000000003","54.2472222222268","65.8244444444505","5.51","1.61166666666667","37.1000000000012","1.08","boinet"
