"ncohort","utype","rtype","bd.sel","od.sel","bd.pts","od.pts","earlystop","overdose","poorall","ov.sel","design"
"12","1","1","61.5999999999963","72.4600000000002","53.6183333333294","64.285833333329","4.34","1.91916666666665","34.7300000000017","0.4","printe"
"18","1","1","63.119999999996","74.2400000000011","56.2894444444492","67.2455555555602","5.2","1.47833333333333","33.5700000000019","0.26","printe"
"12","2","1","58.7199999999969","72.14","50.4849999999964","62.0258333333292","3.88","1.99249999999999","37.800000000001","1.19","printe"
"18","2","1","58.189999999997","72.2","52.3955555555594","64.6527777777837","4.89","1.73166666666667","37.7600000000011","1.15","printe"
