"ncohort","utype","rtype","bd.sel","od.sel","bd.pts","od.pts","earlystop","overdose","poorall","ov.sel","design"
"12","1","1","61.9899999999962","73.7200000000008","52.9549999999967","64.3974999999965","4.19","2.52833333333332","29.6300000000018","0.81","utpi"
"18","1","1","64.1599999999959","76.2800000000021","56.0566666666709","67.9733333333374","4.7","2.20888888888891","30.2400000000019","0.59","utpi"
"12","2","1","58.4499999999969","71.7599999999998","50.6283333333298","62.2041666666626","4.2","1.95416666666665","37.1300000000012","1.12","utpi"
"18","2","1","59.8999999999967","73.6000000000007","53.772777777782","65.9244444444504","5.03","1.83166666666667","35.7000000000015","0.79","utpi"
