"ncohort","utype","rtype","bd.sel","od.sel","bd.pts","od.pts","earlystop","overdose","poorall","ov.sel","design"
"12","1","1","61.1499999999964","72.8700000000004","52.6358333333295","64.0241666666623","6.17","1.415","35.4800000000015","0.41","printe"
"18","1","1","62.3499999999962","74.3500000000011","55.0627777777821","66.8100000000045","6.89","1.105","35.4000000000015","0.23","printe"
"12","2","1","57.1599999999972","69.5799999999987","49.6058333333299","60.0633333333294","6.01","1.44916666666666","38.4600000000009","0.920000000000001","printe"
"18","2","1","58.6699999999969","71.1799999999995","52.8966666666703","63.8688888888946","6.68","1.14555555555555","37.7500000000011","0.58","printe"
