"ncohort","utype","rtype","bd.sel","od.sel","bd.pts","od.pts","earlystop","overdose","poorall","ov.sel","design"
"12","1","1","52.7499999999981","69.9599999999989","26.8899999999975","42.2683333333309","5.72","10.6925","59.4399999999967","1.27","tepi"
"18","1","1","54.0499999999978","71.0199999999994","26.470555555553","42.387222222221","6.78","9.79777777777813","65.1099999999964","0.49","tepi"
"12","2","1","48.109999999999","73.3000000000006","28.2883333333307","54.9816666666635","5.6","10.3850000000001","57.4399999999971","2.63999999999999","tepi"
"18","2","1","48.9699999999988","74.5100000000012","27.8572222222196","56.8816666666685","6.61","9.70722222222257","62.8299999999961","1.64","tepi"
