"ncohort","utype","rtype","bd.sel","od.sel","bd.pts","od.pts","earlystop","overdose","poorall","ov.sel","design"
"12","1","1","20.8500000000005","35.0000000000016","17.8649999999996","29.2183333333328","4.18","0","68.3699999999981","0","boinet"
"18","1","1","23.7100000000009","39.3600000000007","21.7577777777777","34.7288888888887","6.29","0","65.9999999999969","0","boinet"
"12","2","1","21.2300000000005","27.8700000000016","15.2816666666663","20.0266666666662","3.8","0","72.8400000000004","0","boinet"
"18","2","1","24.030000000001","30.850000000002","18.7933333333332","24.1511111111109","4.98","0","70.5699999999992","0","boinet"
