"ncohort","utype","rtype","bd.sel","od.sel","bd.pts","od.pts","earlystop","overdose","poorall","ov.sel","design"
"12","1","1","26.7500000000014","41.6900000000003","19.8899999999989","31.1399999999986","7.5","0","63.8599999999959","0","boin12"
"18","1","1","31.4000000000021","46.9799999999992","23.6977777777772","35.8066666666656","11.09","0","57.919999999997","0","boin12"
"12","2","1","35.9700000000014","44.6999999999997","22.0316666666655","28.0383333333319","5.54","0","58.6799999999969","0","boin12"
"18","2","1","40.5400000000005","49.0499999999988","26.3633333333322","32.9233333333319","7.9","0","52.979999999998","0","boin12"
