"ncohort","utype","rtype","bd.sel","od.sel","bd.pts","od.pts","earlystop","overdose","poorall","ov.sel","design"
"12","1","1","22.6900000000007","36.9600000000012","19.7091666666663","31.048333333333","3.35","0","63.6899999999959","0","ji3"
"18","1","1","27.0600000000014","42.6000000000001","25.2283333333334","37.9588888888888","4.71","0","59.8199999999967","0","ji3"
"12","2","1","24.530000000001","31.5000000000021","17.490833333333","22.4849999999998","2.57","0","67.5099999999976","0","ji3"
"18","2","1","27.5500000000015","34.5700000000017","21.7977777777779","27.1661111111112","4.45","0","65.2899999999965","0","ji3"
