"ncohort","utype","rtype","bd.sel","od.sel","bd.pts","od.pts","earlystop","overdose","poorall","ov.sel","design"
"12","1","1","25.3300000000012","39.9800000000006","31.5741666666657","39.609166666667","10.07","0","39.8000000000007","0","tepi"
"18","1","1","28.7400000000017","44.1499999999998","42.8294444444438","50.3933333333327","12.16","0","32.4500000000021","0","tepi"
"12","2","1","36.7600000000013","44.3299999999997","32.0724999999989","36.1716666666663","9.31","0","38.8100000000008","0","tepi"
"18","2","1","40.6200000000005","47.8399999999991","43.5572222222218","47.4322222222216","10.23","0","31.2600000000021","0","tepi"
