"ncohort","utype","rtype","bd.sel","od.sel","bd.pts","od.pts","earlystop","overdose","poorall","ov.sel","design"
"12","1","1","22.0800000000007","37.1900000000012","17.6158333333329","29.1708333333328","4.63","0","66.5299999999971","0","utpi"
"18","1","1","26.0100000000013","41.3900000000003","21.6427777777776","34.1849999999996","7.12","0","65.3699999999965","0","utpi"
"12","2","1","21.5900000000006","28.8400000000017","14.978333333333","20.100833333333","3.62","0","73.5500000000007","0","utpi"
"18","2","1","25.4700000000012","33.060000000002","19.1877777777777","24.9944444444442","5.28","0","70.5399999999992","0","utpi"
