"ncohort","utype","rtype","bd.sel","od.sel","bd.pts","od.pts","earlystop","overdose","poorall","ov.sel","design"
"12","1","1","64.6799999999962","78.6500000000033","61.344999999995","78.3400000000008","3.12","4.90333333333345","18.22","1.1","boin12"
"18","1","1","67.6299999999977","81.4700000000048","63.9061111111168","79.9472222222251","3.48","4.10388888888901","17.81","0.920000000000001","boin12"
"12","2","1","51.2099999999984","80.2800000000042","54.2224999999958","84.5608333333375","3.3","6.4500000000002","22.6100000000007","3.25999999999997","boin12"
"18","2","1","52.7099999999981","83.0400000000056","55.5588888888918","85.7305555555605","3.89","5.21500000000018","23.7600000000009","2.35999999999999","boin12"
