"ncohort","utype","rtype","bd.sel","od.sel","bd.pts","od.pts","earlystop","overdose","poorall","ov.sel","design"
"12","1","1","68.229999999998","78.8200000000034","63.1941666666617","76.9283333333335","3.27","4.01333333333332","26.7900000000014","0.910000000000001","stein"
"18","1","1","69.8099999999988","80.4400000000042","63.7177777777759","77.0794444444461","3.35","3.3466666666667","25.7500000000012","0.65","stein"
"12","2","1","61.3199999999964","83.6600000000059","64.3833333333285","88.0691666666728","3.5","4.00166666666666","25.4400000000012","2.27","stein"
"18","2","1","62.0699999999962","85.0500000000066","64.0099999999982","88.1794444444514","3.91","3.24000000000004","25.9700000000013","1.79","stein"
