"ncohort","utype","rtype","bd.sel","od.sel","bd.pts","od.pts","earlystop","overdose","poorall","ov.sel","design"
"12","1","1","66.8899999999973","77.7000000000028","57.959999999996","75.1458333333319","3.02","6.98500000000013","30.2700000000019","1.06","utpi"
"18","1","1","68.5599999999982","79.4100000000037","60.2033333333318","76.3561111111121","3.04","5.61055555555572","27.1200000000014","0.77","utpi"
"12","2","1","58.6199999999969","82.3300000000052","58.7108333333287","87.3525000000058","3.09","6.98750000000017","32.6600000000021","2.66999999999999","utpi"
"18","2","1","59.7699999999967","83.3200000000057","58.6727777777766","86.705555555562","3.44","5.76111111111126","32.3700000000021","2.02","utpi"
