"ncohort","utype","rtype","bd.sel","od.sel","bd.pts","od.pts","earlystop","overdose","poorall","ov.sel","design"
"12","1","1","33.8500000000018","50.4199999999985","28.872499999999","43.3458333333329","0.7","2.23166666666665","50.2699999999986","0.35","boinet"
"18","1","1","37.3100000000011","54.4399999999977","34.1488888888878","49.0149999999999","0.79","2.05333333333335","46.2599999999994","0.2","boinet"
"12","2","1","38.150000000001","48.6799999999989","27.9541666666658","37.0074999999994","0.59","2.76166666666666","50.5599999999985","0.970000000000001","boinet"
"18","2","1","40.5600000000005","52.0899999999982","31.7772222222212","42.4133333333326","0.93","2.53000000000004","48.5999999999989","0.830000000000001","boinet"
