"ncohort","utype","rtype","bd.sel","od.sel","bd.pts","od.pts","earlystop","overdose","poorall","ov.sel","design"
"12","1","1","32.2500000000022","49.2699999999988","22.2974999999993","36.6074999999993","0.67","1.63916666666666","59.5699999999967","0.36","printe"
"18","1","1","34.9600000000016","52.0199999999982","27.4361111111104","42.1716666666662","1.15","1.80388888888889","54.4299999999977","0.21","printe"
"12","2","1","35.0800000000016","45.8899999999994","21.7024999999993","30.2899999999993","0.71","1.83749999999999","59.5599999999967","1.11","printe"
"18","2","1","38.7000000000009","49.8799999999986","26.4872222222216","36.4738888888884","0.96","2.00444444444445","54.6799999999977","0.840000000000001","printe"
