"ncohort","utype","rtype","bd.sel","od.sel","bd.pts","od.pts","earlystop","overdose","poorall","ov.sel","design"
"12","1","1","30.2900000000019","46.9499999999992","20.9874999999995","35.2249999999993","0.75","1.1075","61.4799999999963","0.31","stein"
"18","1","1","33.4900000000019","50.9199999999984","25.379444444444","40.4149999999996","1.47","1.12333333333333","55.8399999999975","0.26","stein"
"12","2","1","32.4200000000021","42.5400000000001","19.9074999999996","27.1999999999993","0.84","1.27583333333333","62.3299999999962","0.910000000000001","stein"
"18","2","1","36.9000000000012","47.3899999999991","23.4277777777774","31.4027777777773","1.24","1.26944444444444","58.4899999999969","0.72","stein"
