"ncohort","utype","rtype","bd.sel","od.sel","bd.pts","od.pts","earlystop","overdose","poorall","ov.sel","design"
"12","1","1","39.5400000000007","56.2099999999974","25.3566666666651","39.9799999999989","0.7","3.94","53.4599999999979","0.46","tepi"
"18","1","1","41.7600000000003","59.1399999999968","30.1583333333317","45.8516666666659","1.38","4.12611111111115","52.0999999999982","0.25","tepi"
"12","2","1","41.3300000000003","53.6199999999979","26.3449999999985","38.4808333333326","0.82","4.27583333333335","51.2499999999984","1.41","tepi"
"18","2","1","45.0899999999996","57.3899999999972","31.7949999999983","45.8772222222212","0.98","4.36000000000006","48.279999999999","0.880000000000001","tepi"
