"ncohort","utype","rtype","bd.sel","od.sel","bd.pts","od.pts","earlystop","overdose","poorall","ov.sel","design"
"12","1","1","34.3600000000017","51.0699999999984","27.4749999999997","41.9249999999996","0.54","2.09833333333331","46.7699999999993","0.45","utpi"
"18","1","1","37.4700000000011","55.5799999999975","30.3883333333323","46.1666666666661","0.72","1.78055555555557","51.5799999999983","0.29","utpi"
"12","2","1","37.4200000000011","48.079999999999","26.6491666666657","35.2883333333326","0.39","2.42083333333332","54.3699999999978","0.820000000000001","utpi"
"18","2","1","40.2200000000006","50.8099999999985","30.4933333333326","39.7961111111101","0.72","2.00111111111113","53.019999999998","0.62","utpi"
