"ncohort","utype","rtype","bd.sel","od.sel","bd.pts","od.pts","earlystop","overdose","poorall","ov.sel","design"
"12","1","1","44.0699999999998","60.5399999999965","34.3941666666654","48.768333333332","7.21","1.27083333333333","50.2299999999986","0.37","ji3"
"18","1","1","45.6299999999995","61.7599999999963","38.0344444444447","52.6583333333353","8.83","1.07611111111111","49.1299999999988","0.18","ji3"
"12","2","1","41.3000000000004","52.909999999998","31.9091666666654","41.1933333333322","7.36","1.275","53.9299999999978","0.51","ji3"
"18","2","1","43.6699999999999","54.5699999999977","35.3316666666666","44.7083333333344","8.65","1.25166666666666","51.9699999999982","0.38","ji3"
