"ncohort","utype","rtype","bd.sel","od.sel","bd.pts","od.pts","earlystop","overdose","poorall","ov.sel","design"
"12","1","1","47.3099999999992","66.6799999999972","26.9183333333305","43.8949999999981","6.07","9.23833333333349","59.3599999999968","1.15","tepi"
"18","1","1","48.8299999999989","68.5299999999982","28.75722222222","47.8344444444437","7.58","7.80666666666699","56.4699999999973","0.48","tepi"
"12","2","1","47.1299999999992","66.6099999999972","27.9024999999974","46.3458333333317","6.16","9.17166666666683","56.9199999999972","1.68","tepi"
"18","2","1","48.8299999999989","68.0999999999979","29.9838888888867","51.1488888888889","7.7","8.15833333333368","54.1799999999978","0.900000000000001","tepi"
