"ncohort","utype","rtype","bd.sel","od.sel","bd.pts","od.pts","earlystop","overdose","poorall","ov.sel","design"
"12","1","1","43.09","57.989999999997","31.8083333333323","45.0174999999989","7.74","1.00416666666667","51.8499999999983","0.36","utpi"
"18","1","1","45.5799999999995","60.6999999999965","36.7433333333334","50.4483333333349","8.62","0.853888888888883","49.6199999999987","0.25","utpi"
"12","2","1","42.5900000000001","53.029999999998","31.2941666666657","39.3099999999991","6.95","1.04833333333334","52.8399999999981","0.51","utpi"
"18","2","1","43.06","53.6299999999979","33.9833333333333","43.0094444444451","8.93","0.886111111111104","53.6999999999979","0.31","utpi"
