"ncohort","utype","rtype","bd.sel","od.sel","bd.pts","od.pts","earlystop","overdose","poorall","ov.sel","design"
"12","1","1","33.6500000000019","49.6499999999987","27.6208333333326","41.5524999999995","3.68","1.46749999999999","54.8599999999977","0.26","boinet"
"18","1","1","36.0000000000014","52.0099999999982","31.8694444444434","46.3116666666667","4.61","1.38222222222222","52.5099999999981","0.19","boinet"
"12","2","1","36.3400000000013","46.2499999999994","25.5849999999993","33.5341666666661","3.13","1.59916666666666","58.129999999997","0.71","boinet"
"18","2","1","37.890000000001","48.4499999999989","29.0705555555547","37.9311111111106","4.46","1.27722222222222","56.3099999999974","0.35","boinet"
