"ncohort","utype","rtype","bd.sel","od.sel","bd.pts","od.pts","earlystop","overdose","poorall","ov.sel","design"
"12","1","1","39.1300000000008","54.8499999999977","26.7841666666652","39.8958333333323","5.06","2.14249999999996","48.5199999999989","0.5","boin12"
"18","1","1","43.2","59.5199999999967","30.5577777777767","44.6449999999993","7.54","1.89000000000003","44.2399999999998","0.47","boin12"
"12","2","1","45.6599999999995","57.7299999999971","28.8658333333318","38.1416666666658","3.89","3.01","42.5900000000001","1.56","boin12"
"18","2","1","48.199999999999","61.3799999999964","32.1233333333323","42.253333333332","6.04","2.50444444444451","40.5000000000005","1.06","boin12"
