"ncohort","utype","rtype","bd.sel","od.sel","bd.pts","od.pts","earlystop","overdose","poorall","ov.sel","design"
"12","1","1","30.1800000000019","44.7899999999997","21.4166666666662","33.6574999999993","7.07","0.973333333333337","62.1999999999962","0.35","printe"
"18","1","1","33.3500000000019","49.3299999999988","26.2955555555552","40.1155555555555","8.13","0.893888888888883","57.8199999999971","0.19","printe"
"12","2","1","31.6800000000022","41.1800000000004","19.6466666666664","26.5099999999996","5.71","1.00833333333334","65.1299999999964","0.75","printe"
"18","2","1","35.8300000000014","46.3199999999994","24.7922222222218","32.9349999999997","7.3","0.971666666666659","60.0399999999966","0.6","printe"
