"ncohort","utype","rtype","bd.sel","od.sel","bd.pts","od.pts","earlystop","overdose","poorall","ov.sel","design"
"12","1","1","26.8500000000014","40.7300000000005","19.0766666666664","31.0166666666659","14.19","0.644166666666669","67.1499999999974","0.25","stein"
"18","1","1","29.4500000000018","43.6799999999999","22.9916666666664","35.6333333333331","16.6","0.572777777777775","64.0199999999958","0.1","stein"
"12","2","1","28.0000000000016","35.9900000000014","17.1633333333332","23.100833333333","12.66","0.69166666666667","70.129999999999","0.44","stein"
"18","2","1","29.9600000000019","39.0200000000008","20.9944444444442","28.1127777777775","14.17","0.620555555555552","66.9999999999974","0.4","stein"
