"ncohort","utype","rtype","bd.sel","od.sel","bd.pts","od.pts","earlystop","overdose","poorall","ov.sel","design"
"12","1","1","40.1100000000006","53.6899999999979","26.7158333333315","39.4091666666657","8.11","4.12916666666667","50.6199999999985","0.51","tepi"
"18","1","1","41.8800000000002","56.4699999999973","31.3738888888871","45.4494444444437","8.88","3.97277777777781","49.2599999999988","0.34","tepi"
"12","2","1","42.91","54.9099999999976","27.8049999999983","39.7783333333327","7.09","4.26166666666667","48.249999999999","1.17","tepi"
"18","2","1","45.6299999999995","58.079999999997","32.921666666665","47.4627777777769","7.95","4.14555555555562","46.8399999999993","0.8","tepi"
