"ncohort","utype","rtype","bd.sel","od.sel","bd.pts","od.pts","earlystop","overdose","poorall","ov.sel","design"
"12","1","1","35.7500000000015","51.0299999999984","27.668333333333","40.8883333333329","2.98","1.60416666666665","48.9299999999988","0.31","utpi"
"18","1","1","39.7800000000007","55.7499999999975","32.2455555555546","46.6549999999996","4.83","1.41833333333334","50.1399999999986","0.24","utpi"
"12","2","1","35.8000000000014","45.3299999999996","25.2941666666661","33.1524999999994","2.91","1.47999999999999","57.7499999999971","0.55","utpi"
"18","2","1","38.6300000000009","49.4199999999987","29.481666666666","38.3483333333328","3.77","1.35722222222222","56.1999999999974","0.47","utpi"
