ncohort,utype,rtype,bd.sel,od.sel,bd.pts,od.pts,earlystop,overdose,poorall,ov.sel,design
36,1,1,47.5999999999994,68.7999999999982,41.5722222222228,61.6875000000009,3,3.09722222222223,48.3499999999994,0.25,boinet
36,2,1,44.9999999999996,71.6499999999981,42.7319444444451,67.3583333333347,3.2,3.21666666666668,46.8499999999995,0.75,boinet
18,1,1,47.7599999999991,67.2599999999975,42.1683333333341,61.1650000000037,2,4.01833333333336,41.8300000000002,0.53,boinet
18,2,1,43.15,70.089999999999,41.2933333333338,65.8322222222273,1.93,4.14222222222226,43.04,1.53,boinet
