ncohort,utype,rtype,bd.sel,od.sel,bd.pts,od.pts,earlystop,overdose,poorall,ov.sel,design
36,1,1,48.9499999999994,74.0499999999979,44.2111111111114,66.2125000000005,4.05,2.47500000000001,23.3500000000002,0.4,boin12
36,2,1,36.0000000000001,73.9999999999979,38.5833333333335,68.8277777777783,3.3,3.03472222222225,28.5500000000003,1.3,boin12
18,1,1,46.9099999999992,70.5999999999992,41.4499999999995,62.6222222222243,2.17,3.5494444444445,22.4800000000007,0.910000000000001,boin12
18,2,1,35.3200000000015,72.13,36.4638888888875,66.4755555555583,2.1,4.86888888888899,23.5900000000009,2.46999999999999,boin12
