ncohort,utype,rtype,bd.sel,od.sel,bd.pts,od.pts,earlystop,overdose,poorall,ov.sel,design
36,1,1,47.1999999999995,67.5499999999983,40.7791666666672,59.7166666666674,2,4.27361111111113,48.8999999999994,0.15,ji3
36,2,1,41.7499999999998,70.9499999999981,39.7611111111116,67.0250000000013,2.05,4.71250000000002,49.8999999999993,1.05,ji3
18,1,1,47.3199999999992,67.5199999999976,40.5055555555556,61.1200000000034,1.55,5.41055555555562,43.3899999999999,0.74,ji3
18,2,1,42.2200000000002,70.249999999999,39.9627777777776,65.9611111111163,1.53,5.62944444444454,43.26,2.29,ji3
