ncohort,utype,rtype,bd.sel,od.sel,bd.pts,od.pts,earlystop,overdose,poorall,ov.sel,design
36,1,1,50.0999999999993,68.4999999999983,42.6902777777783,59.8430555555563,2.95,1.84444444444444,45.7499999999995,0.1,printe
36,2,1,43.8999999999996,71.7999999999981,43.0083333333339,68.2069444444457,3.55,2.16944444444444,45.6999999999995,1.2,printe
18,1,1,49.0999999999988,69.0799999999984,43.1783333333337,61.8550000000033,2.36,2.23,36.4500000000013,0.59,printe
18,2,1,43.9299999999998,71.1999999999995,42.5294444444448,66.0183333333386,2.44,2.09888888888889,37.1800000000012,1.47,printe
