ncohort,utype,rtype,bd.sel,od.sel,bd.pts,od.pts,earlystop,overdose,poorall,ov.sel,design
36,1,1,37.4,60.8499999999987,15.9444444444442,32.4027777777778,2.6,7.33611111111117,77.3499999999977,0.25,tepi
36,2,1,31.0000000000003,69.8999999999982,16.3138888888887,56.4388888888897,3.05,6.67916666666672,77.0999999999978,0.5,tepi
18,1,1,36.3200000000013,60.2299999999966,17.3294444444444,36.5366666666651,2.27,7.63166666666684,60.1599999999966,1.11,tepi
18,2,1,29.6100000000018,67.8699999999978,19.0066666666657,56.6505555555576,2.26,7.91777777777797,57.1099999999972,2.44999999999999,tepi
