"ncohort","utype","rtype","bd.sel","od.sel","bd.pts","od.pts","earlystop","overdose","poorall","ov.sel","design"
"12","1","1","43.8299999999998","56.1599999999974","47.9466666666654","58.1566666666644","3.01","0","36.5300000000013","0","boinet"
"18","1","1","46.0099999999994","58.7399999999969","51.7305555555573","61.9105555555591","3.97","0","35.4100000000015","0","boinet"
"12","2","1","51.1499999999984","56.4199999999973","44.5058333333321","49.2966666666651","2.4","0","40.7800000000005","0","boinet"
"18","2","1","54.5199999999977","59.4299999999967","48.520555555557","53.0511111111132","3.74","0","38.9500000000008","0","boinet"
