"ncohort","utype","rtype","bd.sel","od.sel","bd.pts","od.pts","earlystop","overdose","poorall","ov.sel","design"
"12","1","1","41.5800000000003","53.8199999999979","37.2691666666657","47.8908333333323","5.64","0","47.4299999999991","0","stein"
"18","1","1","43.27","56.3599999999974","40.8811111111111","52.3177777777789","8.03","0","45.4199999999995","0","stein"
"12","2","1","46.3099999999994","52.2999999999982","33.7474999999989","39.0741666666655","4.43","0","52.3799999999981","0","stein"
"18","2","1","48.4399999999989","54.2499999999978","37.5144444444443","42.8727777777779","6.88","0","49.9999999999986","0","stein"
