"ncohort","utype","rtype","bd.sel","od.sel","bd.pts","od.pts","earlystop","overdose","poorall","ov.sel","design"
"12","1","1","44.5299999999997","56.4299999999973","59.1616666666665","64.7116666666656","4.26","0","20.5700000000004","0","tepi"
"18","1","1","46.8899999999992","59.2099999999968","66.9177777777801","71.7788888888926","4.99","0","17.1399999999999","0","tepi"
"12","2","1","56.0399999999974","61.1599999999964","59.4149999999997","62.2716666666658","3.44","0","20.5600000000004","0","tepi"
"18","2","1","57.7399999999971","62.5099999999961","65.9422222222243","68.302777777781","4.38","0","18.3400000000001","0","tepi"
