"ncohort","utype","rtype","bd.sel","od.sel","bd.pts","od.pts","earlystop","overdose","poorall","ov.sel","design"
"12","1","1","44.4699999999997","57.4099999999971","41.845833333332","53.0316666666645","2.73","0","44.2399999999998","0","utpi"
"18","1","1","48.079999999999","60.7799999999965","44.8861111111117","56.0811111111129","4.49","0","43.5499999999999","0","utpi"
"12","2","1","47.0599999999992","52.3999999999981","39.9949999999983","44.8933333333314","2.39","0","47.4899999999991","0","utpi"
"18","2","1","49.4099999999987","54.7799999999977","43.8966666666674","48.7927777777793","3.28","0","46.1199999999994","0","utpi"
