"ncohort","utype","rtype","bd.sel","od.sel","bd.pts","od.pts","earlystop","overdose","poorall","ov.sel","design"
"12","1","1","53.4799999999979","68.8799999999983","41.5008333333297","57.3641666666632","1.31","7.44916666666684","44.7199999999997","1.13","boinet"
"18","1","1","55.0899999999976","70.5899999999992","43.7372222222226","59.1283333333353","1.65","6.48500000000018","43.7099999999999","0.67","boinet"
"12","2","1","50.0399999999986","70.4999999999992","40.5858333333301","60.5274999999971","1.34","8.31916666666682","43.9699999999998","3.11999999999998","boinet"
"18","2","1","51.5699999999983","72.9000000000004","42.6650000000002","63.8872222222263","1.76","6.62444444444463","43.6099999999999","1.88","boinet"
