"ncohort","utype","rtype","bd.sel","od.sel","bd.pts","od.pts","earlystop","overdose","poorall","ov.sel","design"
"12","1","1","54.4799999999977","70.5399999999992","42.1024999999982","58.5316666666656","1.44","6.07000000000019","26.9100000000014","1.62","boin12"
"18","1","1","56.9299999999972","73.8600000000009","45.4816666666663","62.3433333333344","2.22","5.0400000000002","24.110000000001","1.12","boin12"
"12","2","1","49.9299999999986","73.9800000000009","39.4316666666651","60.4908333333325","1.56","8.5275000000002","28.4800000000017","3.93999999999996","boin12"
"18","2","1","51.7499999999983","76.8900000000024","43.4249999999992","64.0905555555572","1.89","6.49666666666694","25.4500000000012","3.07999999999998","boin12"
