"ncohort","utype","rtype","bd.sel","od.sel","bd.pts","od.pts","earlystop","overdose","poorall","ov.sel","design"
"12","1","1","54.9099999999976","69.4899999999986","43.1658333333299","57.0366666666636","1.63","5.24000000000007","41.4100000000003","1.05","printe"
"18","1","1","55.6199999999975","71.2999999999996","43.5444444444446","57.6166666666681","2.05","4.82666666666674","43.5699999999999","0.57","printe"
"12","2","1","50.7399999999985","70.9399999999994","42.507499999997","60.6416666666638","1.72","5.45916666666673","41.4500000000003","2.90999999999998","printe"
"18","2","1","51.4799999999983","72.7600000000003","43.107222222222","62.8733333333372","2.05","5.24333333333342","43.26","1.85","printe"
