"ncohort","utype","rtype","bd.sel","od.sel","bd.pts","od.pts","earlystop","overdose","poorall","ov.sel","design"
"12","1","1","56.6399999999973","71.1299999999995","46.4741666666639","60.4649999999975","1.78","3.92749999999999","31.4800000000021","1.07","stein"
"18","1","1","58.259999999997","73.2100000000005","48.3683333333343","62.9783333333354","2.35","3.47222222222227","30.2300000000019","0.69","stein"
"12","2","1","53.5999999999979","72.5300000000002","44.7133333333308","60.610833333331","1.73","3.99749999999999","33.090000000002","2.61999999999999","stein"
"18","2","1","55.1399999999976","74.2900000000011","47.109444444445","63.4366666666699","2.3","3.62500000000005","31.4200000000021","2.05","stein"
