"ncohort","utype","rtype","bd.sel","od.sel","bd.pts","od.pts","earlystop","overdose","poorall","ov.sel","design"
"12","1","1","51.0699999999984","67.2599999999975","29.4308333333306","44.7158333333306","1.71","10.735","57.7399999999971","1.52","tepi"
"18","1","1","52.0899999999982","69.5899999999987","27.7255555555528","43.2555555555544","2.02","10.271666666667","65.0199999999964","0.920000000000001","tepi"
"12","2","1","47.2399999999992","71.6699999999998","30.6399999999974","57.1633333333301","1.68","10.8716666666667","55.3499999999976","3.19999999999998","tepi"
"18","2","1","48.009999999999","73.3200000000006","29.9894444444417","58.8127777777798","2.11","10.111666666667","61.5799999999963","2.19","tepi"
