"ncohort","utype","rtype","bd.sel","od.sel","bd.pts","od.pts","earlystop","overdose","poorall","ov.sel","design"
"12","1","1","54.4699999999977","70.0099999999989","42.5916666666638","59.1924999999978","1.08","6.62583333333349","33.140000000002","1.3","utpi"
"18","1","1","57.0899999999972","73.0000000000004","46.1511111111115","62.7911111111131","1.9","5.24555555555572","32.940000000002","0.930000000000001","utpi"
"12","2","1","51.5999999999983","71.8299999999998","42.1241666666637","61.3733333333305","1.18","7.29583333333355","40.2500000000006","2.84999999999998","utpi"
"18","2","1","53.4299999999979","73.6700000000008","45.2133333333339","64.6538888888927","1.79","6.01166666666684","38.8300000000008","1.97","utpi"
