"ncohort","utype","rtype","bd.sel","od.sel","bd.pts","od.pts","earlystop","overdose","poorall","ov.sel","design"
"12","1","1","28.1600000000016","42.0800000000002","18.8416666666663","30.1258333333324","7.19","0.579166666666668","67.3999999999976","0.15","boinet"
"18","1","1","31.3000000000021","46.6499999999993","22.9838888888885","35.9727777777775","9.11","0.474444444444442","63.5399999999959","0.12","boinet"
"12","2","1","27.5200000000015","35.7900000000014","17.3241666666665","23.1724999999994","6.59","0.565833333333335","70.169999999999","0.28","boinet"
"18","2","1","29.9200000000019","38.210000000001","20.8983333333331","27.4188888888885","8.45","0.530555555555553","66.6199999999972","0.24","boinet"
