"ncohort","utype","rtype","bd.sel","od.sel","bd.pts","od.pts","earlystop","overdose","poorall","ov.sel","design"
"12","1","1","30.980000000002","45.1899999999996","18.1983333333326","29.2583333333321","17.33","1.1","63.149999999996","0.27","boin12"
"18","1","1","35.8300000000014","51.0099999999984","22.8794444444439","35.1383333333325","19.73","1.1061111111111","56.3499999999974","0.31","boin12"
"12","2","1","37.2900000000012","47.6699999999991","20.4291666666658","27.5433333333321","14.86","1.53749999999998","57.1099999999972","0.81","boin12"
"18","2","1","41.3400000000003","51.7999999999983","25.1122222222216","33.0961111111103","17.75","1.58222222222224","50.5699999999985","0.63","boin12"
