"ncohort","utype","rtype","bd.sel","od.sel","bd.pts","od.pts","earlystop","overdose","poorall","ov.sel","design"
"12","1","1","24.7800000000011","38.140000000001","16.9233333333331","28.0091666666659","17.71","0.420000000000001","71.3899999999996","0.12","stein"
"18","1","1","26.2100000000013","40.9200000000004","19.7527777777776","32.7533333333332","21.71","0.365","69.1699999999985","0.08","stein"
"12","2","1","25.0000000000011","31.9700000000022","15.8766666666666","21.0366666666662","17.43","0.451666666666668","73.0700000000005","0.29","stein"
"18","2","1","25.5700000000012","32.970000000002","18.3144444444443","24.1999999999996","20.6","0.382222222222221","71.0999999999995","0.16","stein"
