"ncohort","utype","rtype","bd.sel","od.sel","bd.pts","od.pts","earlystop","overdose","poorall","ov.sel","design"
"12","1","1","43.3","58.5199999999969","28.0658333333307","43.5949999999991","7.34","4.96083333333336","50.9899999999984","0.39","tepi"
"18","1","1","44.2099999999998","60.6999999999965","33.4522222222204","50.8272222222221","8.14","4.49833333333343","45.4899999999995","0.28","tepi"
"12","2","1","45.4199999999995","56.9899999999972","29.0099999999974","42.3474999999993","6.75","5.27416666666672","48.7699999999989","0.990000000000001","tepi"
"18","2","1","47.0799999999992","59.6399999999967","33.9316666666649","50.0094444444436","7.9","4.7677777777779","45.0999999999996","0.47","tepi"
