"ncohort","utype","rtype","bd.sel","od.sel","bd.pts","od.pts","earlystop","overdose","poorall","ov.sel","design"
"12","1","1","27.3500000000015","41.2500000000004","18.1816666666665","29.5891666666658","9.87","0.536666666666668","68.229999999998","0.16","utpi"
"18","1","1","31.6700000000022","46.9399999999992","22.7266666666664","35.5499999999998","11.19","0.496111111111109","64.5299999999961","0.14","utpi"
"12","2","1","27.1400000000014","35.3400000000015","16.8858333333332","22.8358333333329","8.24","0.590000000000002","71.1599999999995","0.29","utpi"
"18","2","1","31.1800000000021","39.7900000000007","21.7788888888886","28.6377777777775","9.87","0.538888888888886","66.3999999999971","0.12","utpi"
