"ncohort","utype","rtype","bd.sel","od.sel","bd.pts","od.pts","earlystop","overdose","poorall","ov.sel","design"
"12","1","1","42.4200000000001","59.2999999999968","32.0124999999984","46.7958333333324","3.23","2.51249999999999","48.169999999999","0.65","boinet"
"18","1","1","46.3199999999994","63.5399999999959","36.600555555555","52.2122222222228","3.96","2.26000000000002","44.2099999999998","0.42","boinet"
"12","2","1","43.8099999999999","57.0099999999972","30.9491666666653","41.0641666666655","3.22","2.75416666666666","48.9399999999988","1.21","boinet"
"18","2","1","45.9899999999994","59.7699999999967","34.4377777777772","46.0672222222226","3.82","2.47277777777781","46.8499999999992","0.900000000000001","boinet"
