"ncohort","utype","rtype","bd.sel","od.sel","bd.pts","od.pts","earlystop","overdose","poorall","ov.sel","design"
"12","1","1","42.6200000000001","61.0799999999964","32.7774999999982","48.5174999999986","3.65","3.48583333333334","49.8299999999987","0.65","ji3"
"18","1","1","44.7599999999997","63.159999999996","36.0899999999992","52.5477777777789","4.27","2.96277777777782","48.3799999999989","0.32","ji3"
"12","2","1","42.7000000000001","56.8899999999973","31.6408333333316","43.3091666666654","3.58","3.66250000000001","51.5699999999983","1.38","ji3"
"18","2","1","44.4699999999997","60.0699999999966","34.5394444444436","47.6677777777784","4.25","3.2844444444445","50.1399999999986","0.830000000000001","ji3"
