"ncohort","utype","rtype","bd.sel","od.sel","bd.pts","od.pts","earlystop","overdose","poorall","ov.sel","design"
"12","1","1","40.7600000000005","57.2699999999972","30.113333333332","44.5599999999988","5.77","1.70749999999998","51.7499999999983","0.39","printe"
"18","1","1","43.2","59.5299999999967","33.5499999999993","48.1366666666677","6.78","1.7438888888889","50.1099999999986","0.33","printe"
"12","2","1","40.5300000000005","53.239999999998","28.3166666666655","38.1749999999987","5.45","1.98166666666664","53.8499999999979","1","printe"
"18","2","1","42.94","56.0999999999974","31.8422222222213","42.6638888888895","6.51","1.72277777777779","51.9599999999982","0.68","printe"
