"ncohort","utype","rtype","bd.sel","od.sel","bd.pts","od.pts","earlystop","overdose","poorall","ov.sel","design"
"12","1","1","42.2500000000002","58.9399999999968","31.3224999999987","46.1808333333319","3.26","1.97333333333331","48.4999999999989","0.55","utpi"
"18","1","1","45.9199999999994","63.159999999996","35.7799999999993","51.3044444444451","4.12","1.82166666666668","46.5199999999993","0.41","utpi"
"12","2","1","42.3800000000001","55.2799999999976","30.228333333332","40.149999999999","2.68","2.25416666666665","51.3999999999983","1.01","utpi"
"18","2","1","45.8999999999994","58.5599999999969","34.8733333333329","45.4755555555559","3.39","1.95888888888891","48.8399999999989","0.81","utpi"
