ncohort,utype,rtype,bd.sel,od.sel,bd.pts,od.pts,earlystop,overdose,poorall,ov.sel,design
36,1,1,43.4999999999997,66.2499999999984,36.2083333333334,56.2291666666671,2.3,1.72222222222222,50.9999999999992,0.25,printe
36,2,1,40.6499999999998,65.8999999999984,36.2486111111112,57.6458333333338,3.9,1.68333333333333,49.9499999999993,0.45,printe
18,1,1,41.6900000000003,63.309999999996,34.0777777777768,52.9083333333348,2.31,1.75722222222222,42.6600000000001,0.49,printe
18,2,1,38.7300000000009,62.0699999999962,33.0594444444436,51.2427777777792,2.06,1.84555555555556,43.6099999999999,1.29,printe
