ncohort,utype,rtype,bd.sel,od.sel,bd.pts,od.pts,earlystop,overdose,poorall,ov.sel,design
36,1,1,43.6499999999997,65.9999999999984,37.7791666666668,57.9722222222227,4.55,1.24305555555555,44.0499999999996,0.3,stein
36,2,1,39.5999999999999,62.6499999999986,35.0763888888889,54.0000000000004,5.05,1.06805555555555,46.3999999999995,0.55,stein
18,1,1,41.5200000000003,63.5999999999959,34.3938888888883,53.8155555555573,3.24,1.10111111111111,39.4400000000007,0.46,stein
18,2,1,40.7100000000005,62.2699999999962,33.4372222222216,49.7816666666679,2.68,1.26777777777778,40.7100000000005,1.07,stein
