"ncohort","utype","rtype","bd.sel","od.sel","bd.pts","od.pts","earlystop","overdose","poorall","ov.sel","design"
"12","1","1","23.6000000000009","36.9300000000012","15.7116666666661","25.8999999999988","11.2","0","72.3400000000001","0","boin12"
"18","1","1","28.5100000000017","42.2800000000002","19.7127777777777","30.6283333333323","16.6","0","64.9499999999963","0","boin12"
"12","2","1","34.4400000000017","42.5400000000001","18.4283333333324","24.0299999999988","7.78","0","66.0099999999969","0","boin12"
"18","2","1","40.1400000000006","48.199999999999","23.633888888888","29.8955555555542","10.7","0","57.1699999999972","0","boin12"
