"ncohort","utype","rtype","bd.sel","od.sel","bd.pts","od.pts","earlystop","overdose","poorall","ov.sel","design"
"12","1","1","17.84","31.3100000000021","13.6558333333331","24.4358333333327","14.11","0","76.5300000000022","0","stein"
"18","1","1","19.2800000000002","33.020000000002","16.7288888888889","28.3155555555553","18.06","0","73.5600000000007","0","stein"
"12","2","1","19.6600000000003","26.4000000000013","11.6474999999999","16.1574999999998","11.52","0","80.000000000004","0","stein"
"18","2","1","20.9100000000005","27.6600000000015","14.2111111111112","19.3627777777776","14.99","0","77.3700000000027","0","stein"
