"ncohort","utype","rtype","bd.sel","od.sel","bd.pts","od.pts","earlystop","overdose","poorall","ov.sel","design"
"12","1","1","18.9200000000002","32.3600000000021","20.8249999999995","29.5224999999991","15.55","0","59.3199999999968","0","tepi"
"18","1","1","24.6900000000011","38.9300000000008","32.5899999999997","40.6422222222221","16.62","0","43.4199999999999","0","tepi"
"12","2","1","31.000000000002","38.3100000000009","22.1633333333326","26.7274999999992","12.44","0","56.9599999999972","0","tepi"
"18","2","1","38.4900000000009","45.9799999999994","34.3255555555553","38.9972222222219","13.89","0","40.1800000000006","0","tepi"
