"ncohort","utype","rtype","bd.sel","od.sel","bd.pts","od.pts","earlystop","overdose","poorall","ov.sel","design"
"12","1","1","22.5300000000007","37.1000000000012","15.5449999999996","26.6649999999995","6.61","0","68.7499999999983","0","utpi"
"18","1","1","27.2800000000015","42.4100000000001","20.2649999999999","32.5383333333328","8.83","0","65.9199999999968","0","utpi"
"12","2","1","20.9800000000005","28.0600000000016","12.4058333333332","17.2066666666664","5.03","0","78.1900000000031","0","utpi"
"18","2","1","25.3300000000012","32.3800000000021","17.1233333333334","22.4288888888888","6.12","0","72.5200000000002","0","utpi"
