"ncohort","utype","rtype","bd.sel","od.sel","bd.pts","od.pts","earlystop","overdose","poorall","ov.sel","design"
"12","1","1","53.8599999999979","68.239999999998","43.4783333333296","58.2833333333297","1.92","7.3941666666668","44.0099999999998","1.22","ji3"
"18","1","1","55.4499999999975","70.4199999999991","44.112222222223","59.4366666666691","2.33","6.75666666666681","43.9199999999998","0.63","ji3"
"12","2","1","50.5099999999985","71.0699999999995","42.73333333333","61.4133333333301","1.77","7.49416666666681","44.4299999999997","2.40999999999999","ji3"
"18","2","1","51.1999999999984","72.5700000000002","43.1877777777785","63.3627777777824","2.31","6.83388888888903","44.4299999999997","1.92","ji3"
