"ncohort","utype","rtype","bd.sel","od.sel","bd.pts","od.pts","earlystop","overdose","poorall","ov.sel","design"
"12","1","1","51.6599999999983","67.7699999999978","28.7174999999973","43.5049999999974","2.89","10.9325","58.4499999999969","1.41","tepi"
"18","1","1","53.219999999998","70.169999999999","27.014444444442","42.7938888888876","3.58","10.4761111111115","65.0699999999964","0.74","tepi"
"12","2","1","47.7599999999991","72.9700000000004","29.7741666666639","56.5249999999967","2.93","10.9916666666667","56.7399999999973","3.06999999999998","tepi"
"18","2","1","48.6599999999989","73.7400000000008","29.2033333333308","57.8100000000018","3.36","10.4444444444448","61.5899999999963","2.28","tepi"
