"ncohort","utype","rtype","bd.sel","od.sel","bd.pts","od.pts","earlystop","overdose","poorall","ov.sel","design"
"12","1","1","15.0799999999997","31.4000000000021","10.0133333333332","21.3924999999991","0.97","0","82.8900000000055","0","boin12"
"18","1","1","19.6700000000003","37.920000000001","12.6744444444451","25.5472222222214","1.47","0","77.5000000000027","0","boin12"
"12","2","1","21.4000000000005","27.8700000000016","11.6708333333331","15.6099999999995","0.87","0","80.7100000000044","0","boin12"
"18","2","1","27.2600000000015","35.3900000000015","15.2450000000009","20.4766666666664","1.37","0","71.7799999999998","0","boin12"
