"ncohort","utype","rtype","bd.sel","od.sel","bd.pts","od.pts","earlystop","overdose","poorall","ov.sel","design"
"12","1","1","16.8599999999998","33.270000000002","15.3158333333332","27.5683333333325","0.85","0","69.9799999999989","0","boinet"
"18","1","1","20.1300000000003","38.140000000001","20.333888888889","34.0994444444441","1.56","0","63.9699999999958","0","boinet"
"12","2","1","22.0500000000006","28.0800000000016","15.3474999999999","19.6174999999996","0.8","0","70.229999999999","0","boinet"
"18","2","1","26.1100000000013","33.250000000002","20.0116666666668","25.1127777777775","1.3","0","64.269999999996","0","boinet"
