"ncohort","utype","rtype","bd.sel","od.sel","bd.pts","od.pts","earlystop","overdose","poorall","ov.sel","design"
"12","1","1","21.6600000000006","38.6600000000009","22.274166666666","34.4174999999993","1.62","0","57.8799999999971","0","ji3"
"18","1","1","22.9800000000008","41.4800000000003","27.653333333333","40.6333333333335","2.01","0","55.3399999999976","0","ji3"
"12","2","1","26.1300000000013","32.860000000002","22.2708333333326","26.8216666666659","1.54","0","57.8399999999971","0","ji3"
"18","2","1","28.5800000000017","35.6000000000015","27.8899999999996","32.6516666666662","1.72","0","54.8299999999977","0","ji3"
