"ncohort","utype","rtype","bd.sel","od.sel","bd.pts","od.pts","earlystop","overdose","poorall","ov.sel","design"
"12","1","1","35.8000000000014","52.3599999999982","25.5441666666652","39.8749999999991","0.61","2.2083333333333","52.8299999999981","0.54","boin12"
"18","1","1","39.3400000000007","57.6499999999971","27.8922222222212","43.4799999999991","1.1","1.75611111111114","50.2999999999986","0.48","boin12"
"12","2","1","43.04","55.2699999999976","27.0508333333316","35.9641666666652","0.41","3.26500000000001","48.5799999999989","1.77","boin12"
"18","2","1","46.4599999999993","58.8199999999969","29.4916666666656","38.8805555555543","0.91","2.64000000000007","44.7899999999997","1.33","boin12"
