"ncohort","utype","rtype","bd.sel","od.sel","bd.pts","od.pts","earlystop","overdose","poorall","ov.sel","design"
"12","1","1","35.1800000000016","52.2699999999982","27.2908333333322","42.4416666666659","0.41","2.98083333333333","52.979999999998","0.4","ji3"
"18","1","1","37.6200000000011","55.2499999999976","31.9866666666653","47.708333333333","0.6","2.74166666666669","48.5599999999989","0.25","ji3"
"12","2","1","38.9800000000008","50.7799999999985","26.3258333333323","37.1483333333329","0.44","3.63249999999999","52.5699999999981","0.960000000000001","ji3"
"18","2","1","42.0200000000002","53.289999999998","30.3999999999988","42.222777777777","0.57","3.42222222222226","49.2099999999988","0.71","ji3"
