"ncohort","utype","rtype","bd.sel","od.sel","bd.pts","od.pts","earlystop","overdose","poorall","ov.sel","design"
"12","1","1","54.3099999999978","71.6899999999998","44.7533333333325","59.967499999999","9.55","3.21666666666669","25.0000000000011","1.01","boin12"
"18","1","1","55.3999999999975","73.3400000000006","47.3238888888883","63.3588888888901","10.33","2.71555555555565","27.1100000000014","0.71","boin12"
"12","2","1","50.8899999999984","72.3200000000001","42.6974999999991","59.0724999999992","9.36","4.1491666666667","26.1200000000013","2.05","boin12"
"18","2","1","52.4799999999981","74.4400000000012","45.4755555555547","62.4516666666682","9.98","3.65222222222234","27.1400000000014","1.58","boin12"
