"ncohort","utype","rtype","bd.sel","od.sel","bd.pts","od.pts","earlystop","overdose","poorall","ov.sel","design"
"12","1","1","54.3799999999978","67.8599999999978","45.5691666666637","58.6358333333299","10.49","1.77833333333332","40.7100000000005","0.48","printe"
"18","1","1","55.1799999999976","69.3199999999986","47.7444444444468","61.4538888888928","11.36","1.52611111111112","40.6700000000005","0.29","printe"
"12","2","1","52.2699999999982","66.4599999999971","44.8683333333303","56.6408333333298","10.15","1.68833333333332","41.7400000000003","0.970000000000001","printe"
"18","2","1","52.959999999998","67.9099999999978","47.236111111113","59.5516666666708","10.98","1.43277777777778","41.4100000000003","0.54","printe"
