"ncohort","utype","rtype","bd.sel","od.sel","bd.pts","od.pts","earlystop","overdose","poorall","ov.sel","design"
"12","1","1","54.5199999999977","68.9199999999984","47.8783333333298","61.7391666666627","10.97","1.92166666666665","36.9300000000012","0.51","stein"
"18","1","1","54.5299999999977","68.5199999999981","48.7483333333349","62.4377777777806","12.9","1.55222222222222","37.1200000000012","0.33","stein"
"12","2","1","52.2099999999982","65.5399999999966","45.8208333333302","57.1624999999966","11.01","2.04249999999998","39.1500000000008","1.04","stein"
"18","2","1","52.0299999999982","66.329999999997","47.1877777777792","59.5916666666701","12.55","1.56333333333334","38.9500000000008","0.61","stein"
