"ncohort","utype","rtype","bd.sel","od.sel","bd.pts","od.pts","earlystop","overdose","poorall","ov.sel","design"
"12","1","1","48.9299999999988","70.149999999999","25.359999999997","45.950833333331","4.92","12.5066666666668","68.0899999999979","1.29","tepi"
"18","1","1","50.8499999999985","72.13","25.2177777777751","46.5433333333323","5.49","10.4216666666671","65.5599999999966","0.57","tepi"
"12","2","1","47.1299999999992","72.3400000000001","26.6708333333302","54.057499999997","4.5","12.6283333333334","65.8699999999968","2.47999999999999","tepi"
"18","2","1","47.3399999999992","73.3800000000006","26.4683333333306","56.0377777777789","4.99","10.7372222222227","63.9499999999958","1.35","tepi"
