"ncohort","utype","rtype","bd.sel","od.sel","bd.pts","od.pts","earlystop","overdose","poorall","ov.sel","design"
"12","1","1","16.4299999999998","29.4000000000018","9.9849999999999","18.6924999999994","20.7","0","82.3700000000052","0","boin12"
"18","1","1","20.9600000000005","34.2800000000017","13.8294444444451","23.4644444444439","23.88","0","74.2100000000011","0","boin12"
"12","2","1","23.3300000000008","30.3500000000019","12.2991666666663","16.6374999999995","16.75","0","77.2500000000026","0","boin12"
"18","2","1","29.5000000000018","36.8300000000012","17.0877777777783","22.1344444444441","19.51","0","67.4199999999976","0","boin12"
