"ncohort","utype","rtype","bd.sel","od.sel","bd.pts","od.pts","earlystop","overdose","poorall","ov.sel","design"
"12","1","1","28.6100000000017","44.4799999999997","39.1300000000004","46.9083333333347","7.51","0","31.4600000000021","0","tepi"
"18","1","1","29.9700000000019","46.1299999999994","49.4216666666657","56.6105555555547","9.66","0","26.7600000000014","0","tepi"
"12","2","1","36.2800000000014","44.4499999999997","39.5675000000003","43.4908333333343","7.04","0","31.0500000000021","0","tepi"
"18","2","1","38.170000000001","45.9399999999994","49.354999999999","52.8555555555542","8.28","0","26.5800000000014","0","tepi"
