"ncohort","utype","rtype","bd.sel","od.sel","bd.pts","od.pts","earlystop","overdose","poorall","ov.sel","design"
"12","1","1","43.8199999999999","59.2399999999968","34.7524999999984","48.4474999999984","0.9","3.80916666666669","46.2399999999994","0.8","boinet"
"18","1","1","46.7599999999993","62.6499999999961","38.968333333333","52.4961111111122","1.36","3.38722222222227","43.9599999999998","0.53","boinet"
"12","2","1","44.5899999999997","60.2899999999966","32.151666666665","44.9649999999988","0.92","4.58416666666672","47.909999999999","2.26","boinet"
"18","2","1","46.7199999999993","63.7099999999959","35.7722222222214","50.4827777777791","1.13","4.45611111111118","45.9799999999994","1.73","boinet"
