"ncohort","utype","rtype","bd.sel","od.sel","bd.pts","od.pts","earlystop","overdose","poorall","ov.sel","design"
"12","1","1","44.4799999999997","60.7399999999965","30.7983333333319","45.0908333333321","0.89","2.89833333333334","41.9400000000002","1.24","boin12"
"18","1","1","48.7999999999989","65.6099999999967","34.5255555555538","49.3188888888882","1.4","2.44944444444452","37.4300000000011","0.900000000000001","boin12"
"12","2","1","47.5199999999991","65.5499999999966","31.405833333332","44.1766666666654","0.82","4.43916666666675","40.0100000000006","3.37999999999997","boin12"
"18","2","1","51.1199999999984","70.129999999999","35.1527777777762","48.4211111111108","1.11","4.02944444444457","33.130000000002","2.54999999999999","boin12"
