"ncohort","utype","rtype","bd.sel","od.sel","bd.pts","od.pts","earlystop","overdose","poorall","ov.sel","design"
"12","1","1","45.0799999999996","61.1399999999964","33.8633333333313","47.4691666666648","0.69","5.71666666666671","48.7999999999989","0.75","ji3"
"18","1","1","46.3599999999993","62.8299999999961","36.1094444444437","49.5794444444455","0.96","5.13388888888896","48.269999999999","0.47","ji3"
"12","2","1","45.6999999999995","62.7299999999961","31.9158333333312","46.1516666666652","0.73","7.37750000000008","49.5999999999987","2.87999999999998","ji3"
"18","2","1","47.4799999999991","65.6099999999967","34.2094444444433","50.274444444446","0.83","6.79166666666677","47.979999999999","2.1","ji3"
