"ncohort","utype","rtype","bd.sel","od.sel","bd.pts","od.pts","earlystop","overdose","poorall","ov.sel","design"
"12","1","1","44.8399999999996","61.0699999999964","33.9058333333322","48.4616666666656","0.77","3.41250000000001","36.8200000000012","0.81","utpi"
"18","1","1","48.189999999999","64.7299999999962","36.8888888888881","51.9294444444452","1.12","2.87500000000004","41.0900000000004","0.76","utpi"
"12","2","1","46.2299999999994","60.9699999999964","32.9474999999981","44.6033333333321","0.73","3.96500000000002","47.939999999999","2.12","utpi"
"18","2","1","47.1499999999992","63.4999999999959","35.8222222222214","49.3583333333342","1.12","3.33722222222228","46.1399999999994","1.61","utpi"
