"ncohort","utype","rtype","bd.sel","od.sel","bd.pts","od.pts","earlystop","overdose","poorall","ov.sel","design"
"12","1","1","43.9399999999998","59.8099999999967","33.8633333333317","47.1816666666653","0.83","4.06250000000003","47.3699999999991","0.69","printe"
"18","1","1","46.1699999999994","62.6199999999961","36.7011111111103","50.1877777777786","1.08","3.85722222222226","46.3399999999993","0.55","printe"
"12","2","1","45.1699999999996","61.1499999999964","31.7766666666648","45.0166666666655","0.83","5.27916666666674","48.6199999999989","2.56999999999999","printe"
"18","2","1","47.2399999999992","64.4499999999961","34.5827777777769","49.4605555555568","0.95","4.85166666666674","47.1999999999992","2.03","printe"
