"ncohort","utype","rtype","bd.sel","od.sel","bd.pts","od.pts","earlystop","overdose","poorall","ov.sel","design"
"12","1","1","44.1099999999998","60.0599999999966","34.5691666666652","48.7341666666653","0.87","3.07833333333334","43.4799999999999","0.7","stein"
"18","1","1","47.4399999999991","63.269999999996","38.6794444444442","52.8338888888901","1.56","2.62277777777781","39.3900000000007","0.46","stein"
"12","2","1","45.9899999999994","61.1299999999964","31.9433333333318","43.9799999999989","0.87","3.93583333333335","45.5299999999995","2.31999999999999","stein"
"18","2","1","48.319999999999","63.9999999999958","35.3222222222217","47.6816666666674","1.26","3.28777777777782","41.4600000000003","1.91","stein"
