"ncohort","utype","rtype","bd.sel","od.sel","bd.pts","od.pts","earlystop","overdose","poorall","ov.sel","design"
"12","1","1","45.0899999999996","61.4799999999963","29.9133333333314","42.5199999999984","1.16","4.50250000000004","49.0899999999988","0.69","tepi"
"18","1","1","47.8299999999991","64.1699999999959","31.153333333331","44.0033333333324","1.5","5.4561111111112","51.1199999999984","0.5","tepi"
"12","2","1","46.8799999999992","63.289999999996","31.4133333333314","46.8941666666656","0.99","4.69166666666671","46.4199999999993","2.56999999999999","tepi"
"18","2","1","48.3499999999989","66.4799999999971","33.2011111111091","51.9261111111115","1.3","5.73888888888898","46.5999999999993","2.05","tepi"
