"ncohort","utype","rtype","bd.sel","od.sel","bd.pts","od.pts","earlystop","overdose","poorall","ov.sel","design"
"12","1","1","49.2299999999988","63.5599999999959","34.9358333333319","47.3941666666659","8.31","2.70416666666667","35.6400000000015","0.950000000000001","boin12"
"18","1","1","52.3399999999982","67.0099999999974","39.2827777777765","52.1488888888889","10.46","2.39000000000007","32.780000000002","0.880000000000001","boin12"
"12","2","1","49.5899999999987","68.169999999998","35.0166666666654","47.6841666666663","7.68","3.52583333333337","33.6500000000019","2.50999999999999","boin12"
"18","2","1","51.9199999999982","70.6299999999992","39.4461111111096","53.1516666666669","8.4","3.26833333333342","32.0300000000022","2.30999999999999","boin12"
