"ncohort","utype","rtype","bd.sel","od.sel","bd.pts","od.pts","earlystop","overdose","poorall","ov.sel","design"
"12","1","1","47.1399999999992","60.6399999999965","36.8149999999987","49.1216666666651","4.82","1.46916666666666","46.7299999999993","0.52","printe"
"18","1","1","49.6699999999987","63.4399999999959","41.7794444444453","54.3822222222245","5.96","1.03333333333333","43.9299999999998","0.22","printe"
"12","2","1","44.4099999999997","56.3299999999974","32.4324999999987","41.7474999999988","4.4","1.44","52.7699999999981","0.840000000000001","printe"
"18","2","1","46.9999999999992","58.9699999999968","36.8844444444448","46.4450000000017","5.26","1.20833333333333","49.5699999999987","0.81","printe"
