"ncohort","utype","rtype","bd.sel","od.sel","bd.pts","od.pts","earlystop","overdose","poorall","ov.sel","design"
"12","1","1","45.7899999999995","59.0499999999968","29.1941666666649","40.135833333332","11.82","4.87583333333338","48.3699999999989","0.71","tepi"
"18","1","1","46.7399999999993","60.5499999999965","29.3855555555536","40.6611111111104","12.87","5.63000000000011","51.3699999999983","0.45","tepi"
"12","2","1","46.4699999999993","63.6799999999959","30.5899999999984","46.3716666666658","10.82","4.99583333333339","45.8699999999994","2.16","tepi"
"18","2","1","47.3099999999992","65.7399999999967","31.7327777777758","50.4261111111117","11.64","5.598888888889","47.939999999999","1.55","tepi"
