ncohort,utype,rtype,bd.sel,od.sel,bd.pts,od.pts,earlystop,overdose,poorall,ov.sel,design
36,1,1,23.9000000000002,48.5999999999994,20.0111111111111,40.4347222222221,2.2,1.65138888888889,66.5499999999984,0.15,boinet
36,2,1,24.8500000000002,43.8499999999996,18.1333333333333,33.0777777777778,1.75,1.90138888888888,67.7499999999983,0.5,boinet
18,1,1,22.4600000000007,45.5099999999995,16.0894444444447,33.9238888888882,1.04,1.99055555555557,64.0399999999959,0.4,boinet
18,2,1,23.1200000000008,40.1300000000006,15.0183333333337,26.0561111111105,1.05,2.48611111111113,64.7299999999962,1.16,boinet
