ncohort,utype,rtype,bd.sel,od.sel,bd.pts,od.pts,earlystop,overdose,poorall,ov.sel,design
36,1,1,31.7000000000003,62.0999999999986,19.1388888888889,40.5458333333335,2.1,4.40000000000003,64.3999999999985,0.3,tepi
36,2,1,30.5000000000003,56.8499999999989,21.563888888889,44.1513888888889,2.25,5.02083333333337,60.4499999999987,0.8,tepi
18,1,1,28.0300000000016,54.1299999999978,16.6061111111118,35.274999999999,1.48,3.67500000000004,49.8799999999986,0.940000000000001,tepi
18,2,1,30.2700000000019,53.059999999998,17.2022222222227,33.6138888888877,1.29,3.7755555555556,48.6599999999989,1.74,tepi
