"ncohort","utype","rtype","bd.sel","od.sel","bd.pts","od.pts","earlystop","overdose","poorall","ov.sel","design"
"12","1","1","58.8299999999969","71.8899999999999","51.8774999999956","64.7349999999951","4.46","2.41666666666666","37.5800000000011","0.35","boinet"
"18","1","1","61.8299999999963","73.9400000000009","55.6372222222272","67.8077777777828","5.37","1.84500000000001","36.1200000000014","0.34","boinet"
"12","2","1","57.1599999999972","70.4199999999991","50.912499999996","62.7491666666621","4.13","2.53333333333332","38.4200000000009","1.01","boinet"
"18","2","1","58.039999999997","71.4899999999997","53.2622222222265","65.5233333333393","5.28","1.98000000000001","38.5800000000009","0.79","boinet"
