"ncohort","utype","rtype","bd.sel","od.sel","bd.pts","od.pts","earlystop","overdose","poorall","ov.sel","design"
"12","1","1","58.6299999999969","74.4200000000012","47.9333333333319","62.6633333333317","4.77","4.40583333333341","23.0600000000008","1.13","boin12"
"18","1","1","61.2299999999964","77.1400000000026","51.743888888889","66.4911111111129","6.03","3.73666666666677","23.5000000000009","0.75","boin12"
"12","2","1","52.4799999999981","76.8700000000024","45.6408333333319","64.7683333333316","4.87","5.64250000000015","24.150000000001","2.89999999999998","boin12"
"18","2","1","54.6499999999977","78.6100000000033","48.7699999999995","67.8850000000023","5.56","4.6094444444446","24.9400000000011","1.99","boin12"
