"ncohort","utype","rtype","bd.sel","od.sel","bd.pts","od.pts","earlystop","overdose","poorall","ov.sel","design"
"12","1","1","60.6299999999965","73.6200000000008","53.1966666666624","65.942499999996","3.12","2.86333333333333","35.2100000000016","0.64","ji3"
"18","1","1","61.7399999999963","74.5900000000013","54.9861111111158","67.76555555556","4.27","2.36111111111112","35.0000000000016","0.27","ji3"
"12","2","1","57.3199999999972","71.2899999999996","50.5716666666627","62.9524999999956","3.55","3.11083333333333","38.170000000001","1.32","ji3"
"18","2","1","59.1499999999968","73.3200000000006","53.3977777777819","66.3166666666723","3.66","2.35611111111112","36.3000000000013","0.79","ji3"
