"ncohort","utype","rtype","bd.sel","od.sel","bd.pts","od.pts","earlystop","overdose","poorall","ov.sel","design"
"12","1","1","58.7599999999969","70.109999999999","52.3533333333294","63.2233333333289","9.48","1.17083333333333","35.0700000000016","0.28","stein"
"18","1","1","59.1999999999968","70.5199999999992","53.9388888888926","65.1627777777821","10.84","0.834444444444439","35.8100000000014","0.15","stein"
"12","2","1","54.8199999999977","66.5899999999972","48.8708333333298","58.9174999999961","9.09","1.08333333333334","38.9400000000008","0.78","stein"
"18","2","1","56.6699999999973","68.8299999999983","51.7850000000034","62.4794444444497","10.08","0.881111111111105","38.210000000001","0.54","stein"
