"ncohort","utype","rtype","bd.sel","od.sel","bd.pts","od.pts","earlystop","overdose","poorall","ov.sel","design"
"12","1","1","60.0299999999966","73.2500000000006","52.562499999996","65.5333333333298","3.84","2.87583333333333","32.890000000002","0.68","utpi"
"18","1","1","62.3499999999962","75.3300000000016","55.471666666671","68.2944444444487","4.53","2.43166666666668","32.5600000000021","0.46","utpi"
"12","2","1","58.5799999999969","71.6099999999997","51.4958333333294","63.2399999999956","3.96","2.61666666666666","36.3700000000013","1.11","utpi"
"18","2","1","59.9199999999966","73.9400000000009","54.3111111111154","67.2561111111166","4.58","2.09777777777779","35.9100000000014","0.63","utpi"
