"ncohort","utype","rtype","bd.sel","od.sel","bd.pts","od.pts","earlystop","overdose","poorall","ov.sel","design"
"12","1","1","23.7200000000009","41.2000000000004","28.0083333333331","40.2558333333336","0.31","0","49.2099999999988","0","ji3"
"18","1","1","26.4900000000013","44.3999999999997","34.667777777778","47.223333333333","0.57","0","46.5799999999993","0","ji3"
"12","2","1","31.3000000000021","38.5700000000009","29.1783333333331","33.7500000000001","0.35","0","47.1999999999992","0","ji3"
"18","2","1","34.9400000000016","42.6800000000001","35.7316666666668","40.9905555555548","0.51","0","44.5099999999997","0","ji3"
