"ncohort","utype","rtype","bd.sel","od.sel","bd.pts","od.pts","earlystop","overdose","poorall","ov.sel","design"
"12","1","1","22.4100000000007","41.3500000000003","29.6208333333324","40.4591666666667","0.65","0","43.7499999999999","0","tepi"
"18","1","1","26.2600000000013","45.9299999999994","40.7816666666662","51.1022222222219","1.02","0","35.0100000000016","0","tepi"
"12","2","1","32.5200000000021","39.9400000000006","30.1483333333324","34.5458333333327","0.5","0","42.92","0","tepi"
"18","2","1","38.090000000001","45.9999999999994","41.9844444444439","46.4549999999993","0.88","0","33.3200000000019","0","tepi"
