"ncohort","utype","rtype","bd.sel","od.sel","bd.pts","od.pts","earlystop","overdose","poorall","ov.sel","design"
"12","1","1","36.6600000000013","51.3299999999984","28.3049999999993","41.1024999999997","3.35","1.96249999999999","50.4299999999985","0.33","ji3"
"18","1","1","39.7300000000007","55.0599999999976","33.4461111111101","47.2283333333334","3.97","1.96666666666667","47.4499999999991","0.34","ji3"
"12","2","1","38.120000000001","49.8099999999987","25.0933333333328","33.9483333333329","2.79","1.98249999999999","55.6199999999975","1.06","ji3"
"18","2","1","41.7500000000003","54.0799999999978","29.9249999999991","40.1161111111107","3.6","1.80333333333333","51.7699999999983","0.72","ji3"
