"ncohort","utype","rtype","bd.sel","od.sel","bd.pts","od.pts","earlystop","overdose","poorall","ov.sel","design"
"12","1","1","30.870000000002","44.8699999999996","24.1724999999993","36.4741666666658","11.39","1.04416666666667","59.9599999999966","0.3","stein"
"18","1","1","33.8200000000018","48.6299999999989","28.4211111111104","41.8683333333332","13.5","0.946666666666657","57.2399999999972","0.22","stein"
"12","2","1","32.5800000000021","42.2500000000002","21.3108333333329","28.4374999999994","9.93","0.997500000000006","64.6099999999961","0.72","stein"
"18","2","1","35.1500000000016","44.9099999999996","25.1672222222217","33.0483333333329","11.57","0.88388888888888","61.2599999999964","0.54","stein"
