"ncohort","utype","rtype","bd.sel","od.sel","bd.pts","od.pts","earlystop","overdose","poorall","ov.sel","design"
"12","1","1","33.5000000000019","47.1499999999992","23.9716666666655","35.0433333333323","12.17","2.39916666666665","55.0699999999976","0.29","tepi"
"18","1","1","38.5200000000009","52.0999999999982","29.633333333332","40.976666666666","13.14","3.17833333333336","47.1899999999992","0.3","tepi"
"12","2","1","39.8900000000006","51.5099999999983","25.705833333332","35.8333333333326","10.31","2.53916666666666","51.2199999999984","1.15","tepi"
"18","2","1","44.1599999999998","56.0799999999974","31.1799999999987","43.9255555555549","10.65","3.35333333333337","44.3699999999997","1.04","tepi"
