"ncohort","utype","rtype","bd.sel","od.sel","bd.pts","od.pts","earlystop","overdose","poorall","ov.sel","design"
"12","1","1","43.6599999999999","60.0999999999966","34.8708333333314","50.0083333333317","0.85","4.87500000000006","46.4599999999993","0.79","boinet"
"18","1","1","46.8899999999992","64.0799999999959","38.0749999999998","53.6727777777791","1.27","4.10888888888894","45.0599999999996","0.41","boinet"
"12","2","1","44.2699999999998","59.2199999999968","33.2049999999983","46.503333333332","0.7","5.5150000000001","47.4599999999991","1.95","boinet"
"18","2","1","46.1599999999994","62.5099999999961","36.1072222222215","51.2055555555567","1.14","4.73444444444455","46.0499999999994","1.35","boinet"
