"ncohort","utype","rtype","bd.sel","od.sel","bd.pts","od.pts","earlystop","overdose","poorall","ov.sel","design"
"12","1","1","43.8299999999998","61.4999999999963","33.3716666666645","48.5324999999982","0.65","6.23333333333342","49.4399999999987","0.73","ji3"
"18","1","1","45.9999999999994","64.279999999996","35.8694444444435","51.5505555555563","0.87","5.5150000000001","49.3099999999988","0.54","ji3"
"12","2","1","45.0599999999996","61.3199999999964","31.8949999999978","45.8908333333318","0.65","7.1666666666668","51.0999999999984","2.17","ji3"
"18","2","1","46.1599999999994","62.959999999996","34.9933333333322","50.5144444444455","0.87","6.6083333333335","48.9099999999988","1.57","ji3"
