"ncohort","utype","rtype","bd.sel","od.sel","bd.pts","od.pts","earlystop","overdose","poorall","ov.sel","design"
"12","1","1","43.5099999999999","60.6199999999965","33.101666666665","47.3683333333322","0.99","3.34333333333333","47.5799999999991","0.8","printe"
"18","1","1","46.0399999999994","63.6699999999959","36.0572222222214","51.0061111111115","1.28","3.21722222222225","47.6199999999991","0.55","printe"
"12","2","1","44.3599999999997","59.7499999999967","31.769166666665","44.0691666666657","1.02","3.79666666666665","48.5499999999989","2.06","printe"
"18","2","1","46.3199999999994","62.1499999999962","35.0738888888879","48.7822222222228","1.27","3.63111111111114","47.2199999999992","1.53","printe"
