"ncohort","utype","rtype","bd.sel","od.sel","bd.pts","od.pts","earlystop","overdose","poorall","ov.sel","design"
"12","1","1","43.9299999999998","60.9799999999964","33.1358333333318","48.2274999999989","1.02","2.44916666666665","44.6699999999997","0.69","stein"
"18","1","1","47.2599999999992","64.379999999996","37.4127777777773","52.9966666666675","1.71","2.22944444444446","40.6500000000005","0.48","stein"
"12","2","1","44.5099999999997","58.5899999999969","30.9399999999988","41.844999999999","1.06","2.58916666666665","47.1599999999992","1.69","stein"
"18","2","1","47.1899999999992","61.5799999999963","34.5072222222217","45.848888888889","1.64","2.44000000000002","43.12","1.42","stein"
