"ncohort","utype","rtype","bd.sel","od.sel","bd.pts","od.pts","earlystop","overdose","poorall","ov.sel","design"
"12","1","1","45.9799999999994","64.1199999999959","28.1324999999977","42.8224999999979","0.96","7.6583333333335","54.8999999999976","1.17","tepi"
"18","1","1","46.5399999999993","65.6399999999967","29.1661111111087","44.6361111111104","1.51","7.57388888888909","58.7399999999969","0.69","tepi"
"12","2","1","46.6799999999993","64.4699999999961","30.0608333333312","47.7641666666651","1.04","7.79083333333351","50.6199999999985","2.63999999999999","tepi"
"18","2","1","47.4399999999991","65.8899999999968","31.8838888888864","51.9583333333333","1.23","7.80611111111132","54.2799999999978","1.85","tepi"
