"ncohort","utype","rtype","bd.sel","od.sel","bd.pts","od.pts","earlystop","overdose","poorall","ov.sel","design"
"12","1","1","66.1399999999969","77.4300000000027","60.3874999999956","75.3366666666662","3.5","4.80750000000011","18.3600000000001","1.2","boin12"
"18","1","1","68.149999999998","79.1100000000036","63.0511111111165","77.0111111111136","3.83","3.80888888888899","17.91","1.02","boin12"
"12","2","1","49.0499999999988","79.8200000000039","53.6183333333292","84.8908333333375","3.92","6.34833333333352","23.1000000000008","3.93999999999996","boin12"
"18","2","1","50.7899999999985","81.1000000000046","54.922222222225","85.1966666666715","4.12","5.30555555555575","23.1100000000008","2.88999999999998","boin12"
