"ncohort","utype","rtype","bd.sel","od.sel","bd.pts","od.pts","earlystop","overdose","poorall","ov.sel","design"
"12","1","1","70.169999999999","77.5700000000028","62.2699999999949","75.3541666666663","3.19","5.89250000000006","32.4300000000021","1.04","ji3"
"18","1","1","70.7299999999993","78.8000000000034","61.3972222222206","73.66","3.66","4.88944444444451","32.4400000000021","0.55","ji3"
"12","2","1","60.6999999999965","81.6900000000049","62.9899999999948","87.6725000000062","3.44","5.78083333333339","31.9500000000022","2.94999999999998","ji3"
"18","2","1","61.2299999999964","83.0000000000056","61.9472222222204","86.8027777777838","3.9","4.81166666666672","32.2100000000022","1.8","ji3"
