"ncohort","utype","rtype","bd.sel","od.sel","bd.pts","od.pts","earlystop","overdose","poorall","ov.sel","design"
"12","1","1","71.9299999999999","79.0400000000035","65.6858333333285","76.7625","3.39","4.25750000000002","29.2500000000018","0.79","printe"
"18","1","1","72.4100000000001","79.900000000004","64.6144444444426","75.1083333333339","3.72","3.63944444444448","30.0700000000019","0.5","printe"
"12","2","1","62.2999999999962","83.0300000000056","66.1891666666618","88.0991666666731","3.66","4.09166666666668","29.0700000000017","2.39999999999999","printe"
"18","2","1","62.7699999999961","83.840000000006","65.3111111111094","87.372777777784","3.82","3.44888888888892","29.6500000000018","1.77","printe"
