"ncohort","utype","rtype","bd.sel","od.sel","bd.pts","od.pts","earlystop","overdose","poorall","ov.sel","design"
"12","1","1","73.0000000000004","80.0600000000041","68.1199999999961","78.3433333333341","4.64","3.35000000000001","25.9500000000013","0.71","stein"
"18","1","1","73.1700000000005","80.4100000000042","67.7377777777766","77.275555555557","5.18","2.6977777777778","25.8300000000012","0.42","stein"
"12","2","1","65.2599999999965","84.5900000000064","68.7133333333297","88.8225000000069","4.49","3.21666666666667","25.3600000000012","1.95","stein"
"18","2","1","66.1399999999969","85.5700000000069","68.6222222222213","88.5872222222294","5.16","2.5427777777778","24.9900000000011","1.42","stein"
