"ncohort","utype","rtype","bd.sel","od.sel","bd.pts","od.pts","earlystop","overdose","poorall","ov.sel","design"
"12","1","1","62.7199999999961","73.1400000000005","29.8183333333303","47.2749999999971","3.63","9.37500000000004","60.6399999999965","0.940000000000001","tepi"
"18","1","1","63.289999999996","74.2100000000011","26.953888888886","44.3483333333318","4","9.50500000000029","65.8899999999968","0.59","tepi"
"12","2","1","48.5599999999989","78.6200000000033","30.7141666666636","73.6683333333318","3.99","9.29083333333338","59.4799999999967","2.94999999999998","tepi"
"18","2","1","49.8999999999986","80.4800000000043","27.4472222222193","71.8105555555543","4.05","9.19722222222251","65.2299999999965","1.72","tepi"
