"ncohort","utype","rtype","bd.sel","od.sel","bd.pts","od.pts","earlystop","overdose","poorall","ov.sel","design"
"12","1","1","36.9100000000012","52.909999999998","26.2991666666651","39.8999999999988","1.49","2.14916666666663","51.2099999999984","0.53","boin12"
"18","1","1","40.6500000000005","57.6099999999971","28.6894444444435","42.9555555555546","3.24","1.86777777777781","47.7199999999991","0.49","boin12"
"12","2","1","45.5299999999995","57.7399999999971","28.2708333333318","37.4066666666653","1.29","3.08333333333333","44.2899999999998","1.54","boin12"
"18","2","1","48.3599999999989","61.0799999999964","30.7166666666653","40.5316666666654","2.53","2.51611111111118","42.2900000000002","1.3","boin12"
