"ncohort","utype","rtype","bd.sel","od.sel","bd.pts","od.pts","earlystop","overdose","poorall","ov.sel","design"
"12","1","1","35.2800000000016","51.0699999999984","27.6483333333324","41.7916666666662","0.8","2.61999999999999","51.4999999999983","0.37","ji3"
"18","1","1","38.090000000001","55.2499999999976","32.3644444444431","47.7322222222219","1.5","2.41222222222223","47.949999999999","0.32","ji3"
"12","2","1","38.090000000001","49.6199999999987","25.8033333333325","35.6033333333329","0.78","2.92249999999999","53.6399999999979","1","ji3"
"18","2","1","41.5000000000003","54.2599999999978","30.7633333333322","42.1577777777771","1.29","2.72555555555557","49.6299999999987","0.61","ji3"
