"ncohort","utype","rtype","bd.sel","od.sel","bd.pts","od.pts","earlystop","overdose","poorall","ov.sel","design"
"12","1","1","30.3700000000019","45.8699999999994","20.9841666666662","34.1366666666659","3.08","0.939166666666671","62.1599999999962","0.29","stein"
"18","1","1","33.4700000000019","50.4299999999985","25.3933333333327","39.8333333333331","4.86","0.884999999999992","57.4099999999971","0.2","stein"
"12","2","1","31.7700000000022","41.0500000000004","19.3699999999996","26.1233333333328","2.54","1.02166666666667","64.6299999999962","0.75","stein"
"18","2","1","34.9700000000016","44.9299999999996","22.9661111111108","30.5705555555551","4.62","0.951666666666658","61.2899999999964","0.44","stein"
