"ncohort","utype","rtype","bd.sel","od.sel","bd.pts","od.pts","earlystop","overdose","poorall","ov.sel","design"
"12","1","1","40.2500000000006","55.0199999999976","25.6474999999983","39.1058333333321","2.34","4.19416666666667","52.6199999999981","0.48","tepi"
"18","1","1","42.5100000000001","58.5499999999969","30.6211111111094","45.2383333333324","3.21","4.31500000000005","49.9299999999986","0.24","tepi"
"12","2","1","42.4900000000001","54.2499999999978","26.8374999999984","38.8208333333327","2.09","4.38333333333336","50.0799999999986","1.48","tepi"
"18","2","1","47.0699999999992","59.6299999999967","32.1755555555537","46.902222222221","2.77","4.55500000000007","47.3899999999991","0.850000000000001","tepi"
