"ncohort","utype","rtype","bd.sel","od.sel","bd.pts","od.pts","earlystop","overdose","poorall","ov.sel","design"
"12","1","1","35.6900000000015","51.6499999999983","27.8749999999998","41.815833333333","1.4","1.91333333333331","47.1199999999992","0.43","utpi"
"18","1","1","38.7600000000009","55.6199999999975","31.2627777777767","46.1455555555551","2.55","1.58500000000001","50.5099999999985","0.25","utpi"
"12","2","1","37.0400000000012","47.1699999999992","26.2491666666659","34.4533333333328","1.15","2.03333333333332","54.8499999999977","0.820000000000001","utpi"
"18","2","1","40.3500000000005","50.8799999999984","30.6183333333326","39.5861111111104","1.52","1.77666666666668","53.8299999999979","0.51","utpi"
