"ncohort","utype","rtype","bd.sel","od.sel","bd.pts","od.pts","earlystop","overdose","poorall","ov.sel","design"
"12","1","1","32.780000000002","49.6299999999987","27.1599999999992","41.0791666666662","0.75","1.76416666666665","52.3899999999981","0.4","boinet"
"18","1","1","36.7600000000013","53.119999999998","32.7105555555545","46.5199999999999","0.88","1.89111111111112","48.109999999999","0.22","boinet"
"12","2","1","38.3800000000009","48.7999999999989","25.8024999999991","34.2399999999994","0.53","2.28249999999999","53.329999999998","1.18","boinet"
"18","2","1","40.5700000000005","51.9699999999982","30.2361111111101","39.8561111111105","0.88","2.21555555555558","49.6699999999987","1.02","boinet"
