"ncohort","utype","rtype","bd.sel","od.sel","bd.pts","od.pts","earlystop","overdose","poorall","ov.sel","design"
"12","1","1","33.000000000002","48.8599999999988","25.6999999999993","39.4758333333326","0.57","1.54916666666666","55.1799999999976","0.31","stein"
"18","1","1","36.7100000000013","53.259999999998","30.4966666666659","44.7566666666664","1.2","1.43888888888889","49.6199999999987","0.28","stein"
"12","2","1","36.8400000000012","47.3899999999991","23.6649999999993","31.5808333333324","0.41","1.85749999999998","57.0799999999972","1.11","stein"
"18","2","1","40.2500000000006","50.9899999999984","26.7161111111105","35.2227777777771","1.04","1.66166666666667","53.3799999999979","0.900000000000001","stein"
