"ncohort","utype","rtype","bd.sel","od.sel","bd.pts","od.pts","earlystop","overdose","poorall","ov.sel","design"
"12","1","1","34.7400000000017","50.8299999999985","25.7249999999996","39.5549999999995","0.62","1.68749999999998","48.5399999999989","0.4","utpi"
"18","1","1","37.920000000001","54.9999999999976","29.2111111111101","44.1144444444438","0.87","1.53500000000001","51.1799999999984","0.36","utpi"
"12","2","1","36.5400000000013","46.7799999999993","24.1841666666657","32.3033333333325","0.46","1.78416666666664","59.3099999999968","1.03","utpi"
"18","2","1","39.7500000000007","50.4999999999985","28.5955555555548","37.4272222222214","0.65","1.67666666666668","54.8999999999976","0.7","utpi"
