"ncohort","utype","rtype","bd.sel","od.sel","bd.pts","od.pts","earlystop","overdose","poorall","ov.sel","design"
"12","1","1","76.9800000000025","87.3000000000078","77.1000000000004","88.3300000000066","4.34","1.62416666666666","20.0600000000003","0.28","boinet"
"18","1","1","76.4000000000022","87.0600000000076","76.6561111111122","88.0811111111179","5.06","1.23944444444444","21.0200000000005","0.16","boinet"
"12","2","1","73.5700000000007","87.5100000000079","76.8966666666669","90.6416666666749","4.32","1.71083333333333","20.2900000000004","0.840000000000001","boinet"
"18","2","1","73.6400000000008","87.750000000008","76.7288888888902","90.4161111111194","5.29","1.18333333333333","20.9900000000005","0.58","boinet"
