"ncohort","utype","rtype","bd.sel","od.sel","bd.pts","od.pts","earlystop","overdose","poorall","ov.sel","design"
"12","1","1","73.0800000000005","84.3000000000062","72.7324999999982","85.355833333338","4.46","2.31166666666666","24.170000000001","0.36","ji3"
"18","1","1","74.020000000001","85.1700000000067","72.4816666666669","84.8622222222273","4","1.86","24.380000000001","0.32","ji3"
"12","2","1","70.6599999999992","85.5200000000068","73.0316666666651","88.6750000000069","4.81","2.33","24.000000000001","1.05","ji3"
"18","2","1","71.2399999999995","86.4600000000073","72.7299999999999","88.5066666666739","4.64","1.78055555555556","24.180000000001","0.77","ji3"
