"ncohort","utype","rtype","bd.sel","od.sel","bd.pts","od.pts","earlystop","overdose","poorall","ov.sel","design"
"12","1","1","52.5899999999981","73.6700000000008","23.0199999999967","56.2216666666631","3.13","15.3516666666667","74.190000000001","1.49","tepi"
"18","1","1","54.8099999999977","76.4500000000022","21.8955555555532","52.5333333333311","3.12","12.6405555555562","73.4300000000007","0.78","tepi"
"12","2","1","46.0199999999994","77.970000000003","23.1024999999967","72.410833333331","2.96","15.3791666666667","74.2500000000011","2.59999999999999","tepi"
"18","2","1","48.4999999999989","80.4500000000043","22.0944444444421","70.708888888887","3.23","12.3922222222228","73.3400000000006","1.36","tepi"
