"ncohort","utype","rtype","bd.sel","od.sel","bd.pts","od.pts","earlystop","overdose","poorall","ov.sel","design"
"12","1","1","77.7700000000029","87.9500000000081","77.1591666666666","88.5500000000062","3.22","1.66166666666665","18.6300000000001","0.31","utpi"
"18","1","1","77.5800000000028","87.9700000000081","76.7800000000013","88.2205555555625","3.79","1.31222222222222","19.3700000000002","0.2","utpi"
"12","2","1","75.1600000000015","88.8700000000086","76.7700000000001","91.1375000000081","3.46","1.81083333333333","18.7100000000001","0.75","utpi"
"18","2","1","74.3100000000011","88.9600000000086","75.2977777777785","90.5405555555638","4.05","1.45611111111111","20.2200000000004","0.36","utpi"
