"ncohort","utype","rtype","bd.sel","od.sel","bd.pts","od.pts","earlystop","overdose","poorall","ov.sel","design"
"12","1","1","57.3199999999972","70.259999999999","49.3241666666632","61.5074999999959","6.12","2.65416666666666","37.4900000000011","0.69","printe"
"18","1","1","58.9199999999968","72.2","51.3427777777806","63.986111111115","6.64","2.34944444444445","37.6800000000011","0.42","printe"
"12","2","1","54.6699999999977","70.6499999999992","47.0941666666635","60.4533333333297","5.81","2.85666666666665","39.9300000000006","1.57","printe"
"18","2","1","54.4799999999977","71.3699999999996","49.1427777777798","63.5650000000051","6.67","2.29444444444445","40.0000000000006","1.13","printe"
