"ncohort","utype","rtype","bd.sel","od.sel","bd.pts","od.pts","earlystop","overdose","poorall","ov.sel","design"
"12","1","1","15.8999999999997","28.9800000000017","10.9575","20.2624999999997","7.81","0","79.1300000000036","0","boinet"
"18","1","1","19.1200000000002","33.7800000000018","14.5572222222225","25.8644444444442","10.79","0","74.4100000000012","0","boinet"
"12","2","1","16.5299999999998","22.6300000000007","9.40916666666666","13.3891666666666","6.92","0","82.0200000000051","0","boinet"
"18","2","1","18.9500000000002","25.2500000000011","12.7183333333336","17.1733333333335","10.03","0","77.7100000000029","0","boinet"
