"ncohort","utype","rtype","bd.sel","od.sel","bd.pts","od.pts","earlystop","overdose","poorall","ov.sel","design"
"12","1","1","19.8800000000003","34.3300000000017","14.8858333333333","25.9116666666661","7.99","0","71.8799999999999","0","ji3"
"18","1","1","22.1300000000007","36.9400000000012","18.9305555555555","30.8294444444442","11.03","0","68.5999999999982","0","ji3"
"12","2","1","20.3800000000004","26.6800000000014","12.8341666666666","17.1699999999998","7.57","0","75.3600000000016","0","ji3"
"18","2","1","23.5300000000009","30.2000000000019","17.2861111111112","22.4699999999998","9.76","0","71.4499999999996","0","ji3"
