"ncohort","utype","rtype","bd.sel","od.sel","bd.pts","od.pts","earlystop","overdose","poorall","ov.sel","design"
"12","1","1","11.6299999999998","23.6400000000009","7.79416666666677","16.5641666666665","17.9","0","85.3300000000067","0","printe"
"18","1","1","14.2399999999997","27.2200000000015","10.9283333333335","20.9316666666665","20.94","0","81.0000000000045","0","printe"
"12","2","1","13.7399999999998","18.6200000000001","7.43666666666676","10.5491666666667","16.78","0","86.3500000000073","0","printe"
"18","2","1","16.0699999999997","21.6500000000006","9.92055555555573","13.9116666666668","19.41","0","83.0000000000056","0","printe"
