"ncohort","utype","rtype","bd.sel","od.sel","bd.pts","od.pts","earlystop","overdose","poorall","ov.sel","design"
"12","1","1","12.2599999999998","24.440000000001","8.57333333333342","17.5391666666664","21.49","0","84.5100000000063","0","stein"
"18","1","1","13.4399999999998","26.3900000000013","10.5311111111113","20.9044444444443","25.47","0","82.4100000000053","0","stein"
"12","2","1","13.3199999999998","18.9400000000002","7.77416666666676","11.4525","18.93","0","85.9300000000071","0","stein"
"18","2","1","14.2499999999997","20.0700000000003","9.83111111111129","13.9761111111112","23.18","0","83.3500000000057","0","stein"
