"ncohort","utype","rtype","bd.sel","od.sel","bd.pts","od.pts","earlystop","overdose","poorall","ov.sel","design"
"12","1","1","14.1099999999997","26.9500000000014","9.09000000000005","18.1566666666664","10.02","0","83.3100000000057","0","utpi"
"18","1","1","18.4400000000001","32.4900000000021","13.0383333333335","23.9655555555553","12.08","0","78.1400000000031","0","utpi"
"12","2","1","15.1799999999997","21.2700000000005","8.86166666666671","12.6908333333333","8.89","0","83.9700000000061","0","utpi"
"18","2","1","18.3100000000001","25.2000000000011","11.9222222222224","16.8316666666667","11.15","0","79.860000000004","0","utpi"
