ncohort,utype,rtype,bd.sel,od.sel,bd.pts,od.pts,earlystop,overdose,poorall,ov.sel,design
36,1,1,20.9000000000002,44.5499999999996,17.5347222222222,37.5791666666667,1.65,1.44166666666666,69.0999999999982,0.15,boinet
36,2,1,23.7500000000002,38.5999999999999,17.4375,28.8666666666667,1.85,1.85555555555555,67.7499999999983,0.5,boinet
18,1,1,18.8000000000001,40.0200000000006,12.4777777777782,28.4999999999996,1.09,1.47722222222222,69.1599999999985,0.27,boinet
18,2,1,19.2900000000002,32.1800000000022,11.2933333333337,19.3283333333333,0.93,1.95666666666668,70.159999999999,1.02,boinet
