ncohort,utype,rtype,bd.sel,od.sel,bd.pts,od.pts,earlystop,overdose,poorall,ov.sel,design
36,1,1,18.1000000000001,39.0499999999999,11.8125,28.4944444444445,4.7,0.4375,75.5499999999979,0.1,stein
36,2,1,18.6500000000001,30.9000000000003,10.9791666666667,19.0972222222223,4.95,0.4375,75.7999999999978,0.4,stein
18,1,1,11.7699999999998,28.7300000000017,6.64333333333346,18.5922222222223,2.19,0.305,79.7400000000039,0.17,stein
18,2,1,12.7399999999998,21.7800000000006,6.13111111111121,10.9111111111114,2.13,0.379444444444444,80.7400000000044,0.37,stein
