"ncohort","utype","rtype","bd.sel","od.sel","bd.pts","od.pts","earlystop","overdose","poorall","ov.sel","design"
"12","1","1","45.7899999999995","59.2499999999968","37.4591666666651","49.6291666666649","4.84","2.29666666666665","45.8199999999995","0.73","boinet"
"18","1","1","46.8899999999992","61.2899999999964","40.3755555555559","53.7244444444465","5.75","2.00500000000002","45.6499999999995","0.39","boinet"
"12","2","1","45.3999999999995","59.2299999999968","33.6858333333318","44.2924999999988","4.04","2.33249999999999","50.5099999999985","1.55","boinet"
"18","2","1","46.1299999999994","60.6299999999965","36.6761111111111","48.5583333333352","5.38","2.19166666666668","49.4499999999987","1.26","boinet"
