"ncohort","utype","rtype","bd.sel","od.sel","bd.pts","od.pts","earlystop","overdose","poorall","ov.sel","design"
"12","1","1","46.8099999999993","60.4799999999965","33.2441666666654","45.6358333333322","7.68","3.01000000000001","38.150000000001","1.14","boin12"
"18","1","1","50.3699999999985","65.6899999999967","37.5361111111094","50.8738888888884","8.81","2.55111111111119","35.2200000000016","0.860000000000001","boin12"
"12","2","1","50.2699999999986","67.9399999999979","34.4408333333321","47.3533333333328","6.29","4.07750000000005","34.3100000000017","2.61999999999999","boin12"
"18","2","1","51.6099999999983","70.0599999999989","38.3183333333317","51.9688888888889","7.73","3.50666666666678","32.5100000000021","2.21","boin12"
