"ncohort","utype","rtype","bd.sel","od.sel","bd.pts","od.pts","earlystop","overdose","poorall","ov.sel","design"
"12","1","1","45.9099999999994","60.3899999999966","36.546666666665","49.6458333333316","3.2","3.55","46.1799999999994","0.57","ji3"
"18","1","1","48.7499999999989","63.249999999996","40.9977777777783","54.0611111111132","4.41","3.07666666666667","43.01","0.47","ji3"
"12","2","1","46.4499999999993","61.8399999999963","34.384166666665","46.2191666666654","2.81","3.7925","48.049999999999","1.88","ji3"
"18","2","1","47.5599999999991","63.019999999996","37.6788888888891","50.410000000002","3.45","3.46500000000002","45.8699999999994","1.51","ji3"
