"ncohort","utype","rtype","bd.sel","od.sel","bd.pts","od.pts","earlystop","overdose","poorall","ov.sel","design"
"12","1","1","45.2599999999996","59.3599999999968","36.2891666666652","48.9533333333319","3.93","2.50083333333332","46.5999999999993","0.6","printe"
"18","1","1","48.9899999999988","63.319999999996","40.7294444444449","53.8616666666685","4.83","2.17666666666667","43.5899999999999","0.29","printe"
"12","2","1","44.9699999999996","59.4999999999967","32.9033333333318","43.8791666666655","3.68","2.67333333333333","50.5099999999985","1.68","printe"
"18","2","1","47.5799999999991","61.8599999999963","37.0077777777778","48.5327777777794","4.5","2.3988888888889","46.8999999999992","1.32","printe"
