"ncohort","utype","rtype","bd.sel","od.sel","bd.pts","od.pts","earlystop","overdose","poorall","ov.sel","design"
"12","1","1","42.7800000000001","56.5599999999973","34.6799999999985","47.3766666666649","9.93","1.92833333333331","49.1099999999988","0.49","stein"
"18","1","1","45.6099999999995","58.6699999999969","39.4611111111114","51.7888888888907","11.58","1.64055555555556","45.1299999999996","0.26","stein"
"12","2","1","42.4600000000001","55.7999999999975","31.7558333333318","41.8633333333318","9.07","2.07333333333331","52.4899999999981","1.42","stein"
"18","2","1","44.2099999999998","57.0899999999972","35.5166666666666","46.142777777779","10.76","1.70000000000001","49.6599999999987","0.940000000000001","stein"
