"ncohort","utype","rtype","bd.sel","od.sel","bd.pts","od.pts","earlystop","overdose","poorall","ov.sel","design"
"12","1","1","44.0599999999998","58.299999999997","29.0691666666649","40.1999999999986","10.58","5.02000000000005","50.0499999999986","0.73","tepi"
"18","1","1","47.1199999999992","61.5799999999963","29.8022222222202","41.2861111111104","10.77","5.66777777777788","51.3199999999984","0.44","tepi"
"12","2","1","46.4199999999993","63.129999999996","30.4224999999981","46.117499999999","9.25","4.77583333333338","47.5499999999991","2.27","tepi"
"18","2","1","46.6199999999993","64.7399999999962","31.7072222222204","50.1105555555559","10.23","5.50388888888901","47.7699999999991","1.59","tepi"
