"ncohort","utype","rtype","bd.sel","od.sel","bd.pts","od.pts","earlystop","overdose","poorall","ov.sel","design"
"12","1","1","48.129999999999","61.7599999999963","36.7124999999989","49.1174999999987","3.79","2.55249999999999","37.5600000000011","0.81","utpi"
"18","1","1","50.6899999999985","65.0899999999964","40.2477777777778","53.4727777777792","5.36","2.34222222222225","39.2700000000008","0.56","utpi"
"12","2","1","46.3399999999993","58.9899999999968","33.9658333333319","43.8133333333322","3.84","2.30583333333332","49.0699999999988","1.39","utpi"
"18","2","1","48.8899999999988","62.7799999999961","38.3138888888889","49.7944444444461","4.94","2.07777777777779","46.2799999999994","0.890000000000001","utpi"
