ncohort,utype,rtype,bd.sel,od.sel,bd.pts,od.pts,earlystop,overdose,poorall,ov.sel,design
36,1,1,46.6499999999995,73.649999999998,37.5569444444446,59.7513888888892,2.95,2.1375,28.8000000000003,0.5,boin12
36,2,1,37.75,71.7999999999981,34.5208333333335,60.041666666667,4,3.0902777777778,31.3000000000003,1.35,boin12
18,1,1,41.8700000000002,68.0399999999979,32.9627777777751,54.5333333333333,2.01,2.94444444444449,26.0100000000013,0.79,boin12
18,2,1,36.3200000000013,69.3599999999986,30.685555555553,54.6300000000005,1.88,4.57166666666676,26.2200000000013,2.15,boin12
