ncohort,utype,rtype,bd.sel,od.sel,bd.pts,od.pts,earlystop,overdose,poorall,ov.sel,design
36,1,1,40.4999999999998,63.7499999999985,34.3472222222223,54.2291666666673,3.25,2.57500000000001,54.1499999999991,0.1,boinet
36,2,1,38.8499999999999,64.3999999999985,34.613888888889,56.8055555555561,2.7,2.91944444444446,53.7999999999991,0.7,boinet
18,1,1,39.5500000000007,61.3099999999964,33.15111111111,52.4833333333351,1.48,3.54833333333335,48.089999999999,0.61,boinet
18,2,1,37.7400000000011,61.6399999999963,32.6911111111099,51.9400000000022,1.59,3.95444444444447,47.5999999999991,1.73,boinet
