ncohort,utype,rtype,bd.sel,od.sel,bd.pts,od.pts,earlystop,overdose,poorall,ov.sel,design
36,1,1,40.0499999999999,62.9999999999986,34.9847222222224,54.9250000000005,2.35,3.96527777777779,52.6999999999991,0.2,ji3
36,2,1,38.15,64.6499999999985,33.5833333333333,56.6319444444451,1.5,3.99722222222224,53.7499999999991,0.8,ji3
18,1,1,41.1900000000004,62.8699999999961,33.6499999999988,53.0488888888907,1.07,4.81277777777784,46.6699999999993,0.75,ji3
18,2,1,38.020000000001,63.009999999996,32.4777777777764,52.5966666666689,1.16,4.93000000000007,47.4099999999991,1.84,ji3
