ncohort,utype,rtype,bd.sel,od.sel,bd.pts,od.pts,earlystop,overdose,poorall,ov.sel,design
36,1,1,36.1500000000001,62.4499999999986,18.0722222222221,34.7986111111112,2.9,6.44166666666673,71.6999999999981,0.5,tepi
36,2,1,30.8500000000003,66.6999999999984,18.2083333333333,53.0541666666671,3.55,6.29166666666672,72.199999999998,1.05,tepi
18,1,1,34.0900000000018,60.2099999999966,18.556666666666,37.6555555555543,2.04,6.55000000000015,53.299999999998,0.990000000000001,tepi
18,2,1,31.0600000000021,65.9399999999968,19.7922222222212,50.3672222222225,1.9,7.13111111111127,51.3499999999984,2.55999999999999,tepi
