ncohort,utype,rtype,bd.sel,od.sel,bd.pts,od.pts,earlystop,overdose,poorall,ov.sel,design
36,1,1,44.3999999999996,67.1499999999983,37.6180555555556,58.8500000000004,2.75,2.21388888888889,45.4999999999996,0.35,utpi
36,2,1,39.4999999999999,63.3999999999985,35.7500000000001,56.0902777777783,2.15,2.35138888888889,50.8999999999992,0.8,utpi
18,1,1,41.2500000000004,62.8799999999961,33.5294444444434,52.927222222224,1.43,3.69111111111112,41.2700000000004,0.850000000000001,utpi
18,2,1,39.1200000000008,63.089999999996,33.1283333333323,52.3688888888911,1.5,3.38777777777779,45.6599999999995,1.52,utpi
18,1,1,41.2500000000004,62.8799999999961,33.5294444444434,52.927222222224,1.43,3.69111111111112,41.2700000000004,0.850000000000001,utpi
18,2,1,39.1200000000008,63.089999999996,33.1283333333323,52.3688888888911,1.5,3.38777777777779,45.6599999999995,1.52,utpi
