"ncohort","utype","rtype","bd.sel","od.sel","bd.pts","od.pts","earlystop","overdose","poorall","ov.sel","design"
"12","1","1","54.7499999999977","73.7100000000008","43.1333333333322","60.9141666666659","2.02","4.01416666666673","21.7200000000006","1.47","boin12"
"18","1","1","56.0699999999974","75.5800000000018","45.7138888888882","63.5472222222226","2.69","3.58000000000012","22.2500000000007","1.11","boin12"
"12","2","1","52.3999999999981","74.5900000000013","41.7974999999992","59.0074999999997","1.87","5.23750000000012","22.3900000000007","2.61999999999999","boin12"
"18","2","1","52.939999999998","76.110000000002","44.3011111111104","61.9294444444455","2.82","4.63555555555574","23.0200000000008","2.04","boin12"
