"ncohort","utype","rtype","bd.sel","od.sel","bd.pts","od.pts","earlystop","overdose","poorall","ov.sel","design"
"12","1","1","51.9099999999982","68.9799999999984","41.8783333333306","58.1216666666641","3.34","3.76833333333337","40.5700000000005","0.8","printe"
"18","1","1","53.9899999999978","71.1299999999995","43.072777777778","59.3133333333352","4.06","3.54388888888895","42.2500000000002","0.62","printe"
"12","2","1","50.2299999999986","68.6599999999982","41.5174999999975","57.7258333333307","3.19","3.79583333333336","40.3000000000006","1.86","printe"
"18","2","1","50.8099999999985","69.7899999999988","42.2500000000001","59.9250000000035","4","3.50222222222228","42.89","1.14","printe"
