"ncohort","utype","rtype","bd.sel","od.sel","bd.pts","od.pts","earlystop","overdose","poorall","ov.sel","design"
"12","1","1","54.6399999999977","72.1","43.6749999999976","60.9691666666647","1.92","4.24500000000001","33.070000000002","1","stein"
"18","1","1","57.3499999999972","74.5100000000012","46.8266666666671","64.0983333333352","3.2","3.45444444444451","29.8000000000019","0.62","stein"
"12","2","1","52.979999999998","71.3899999999996","43.2541666666644","59.0916666666647","2.03","4.27416666666668","33.9200000000018","1.99","stein"
"18","2","1","53.8099999999979","72.6300000000003","44.7027777777777","60.8827777777802","3.15","3.61388888888896","32.0900000000022","1.52","stein"
