"ncohort","utype","rtype","bd.sel","od.sel","bd.pts","od.pts","earlystop","overdose","poorall","ov.sel","design"
"12","1","1","48.099999999999","69.6499999999987","26.3341666666636","47.4933333333305","1.56","12.8033333333334","66.6799999999972","1.48","tepi"
"18","1","1","49.7299999999987","71.3599999999996","26.254999999997","48.2111111111099","2.15","11.2177777777782","64.9899999999963","0.850000000000001","tepi"
"12","2","1","45.9899999999994","71.0199999999994","28.1166666666636","55.7683333333303","1.84","13.1475","63.359999999996","2.78999999999998","tepi"
"18","2","1","46.5799999999993","72.16","27.8022222222192","56.9838888888901","2.26","11.4788888888894","63.099999999996","1.57","tepi"
