"ncohort","utype","rtype","bd.sel","od.sel","bd.pts","od.pts","earlystop","overdose","poorall","ov.sel","design"
"12","1","1","54.9599999999976","72.4800000000002","44.8266666666642","62.0691666666642","1.76","3.76500000000001","32.4900000000021","0.890000000000001","utpi"
"18","1","1","57.8099999999971","75.1900000000016","48.3183333333339","65.5327777777797","2.43","3.22833333333339","32.1900000000022","0.59","utpi"
"12","2","1","54.1999999999978","71.5499999999997","44.5491666666642","59.6549999999973","1.82","4.22666666666669","36.1700000000014","1.9","utpi"
"18","2","1","54.8399999999977","73.0100000000004","46.781666666667","63.1750000000029","2.34","3.54777777777785","36.7300000000013","1.32","utpi"
