ncohort,utype,rtype,bd.sel,od.sel,bd.pts,od.pts,earlystop,overdose,poorall,ov.sel,design
36,1,1,7.54999999999998,25.6000000000002,5.21388888888894,16.8888888888889,3.25,0,86.8999999999972,0,boin12
36,2,1,15.2000000000001,25.4000000000002,8.19444444444453,13.7055555555556,1.45,0,79.2999999999976,0,boin12
18,1,1,5.83999999999992,20.6700000000004,4.21055555555563,13.7588888888894,0.88,0,85.3800000000068,0,boin12
18,2,1,11.0099999999998,19.4500000000002,6.2488888888891,10.4316666666672,0.54,0,76.4000000000022,0,boin12
