ncohort,utype,rtype,bd.sel,od.sel,bd.pts,od.pts,earlystop,overdose,poorall,ov.sel,design
36,1,1,13.3000000000001,36.75,23.8527777777778,37.6305555555556,1.15,0,51.8999999999992,0,tepi
36,2,1,20.8000000000002,32.1500000000003,24.4041666666667,30.9083333333334,1.75,0,49.6499999999993,0,tepi
18,1,1,6.12999999999991,24.6700000000011,7.32000000000012,17.7277777777784,0.76,0,73.8600000000009,0,tepi
18,2,1,11.3999999999998,19.9000000000003,8.0844444444446,12.1616666666673,0.72,0,71.1099999999995,0,tepi
