ncohort,utype,rtype,bd.sel,od.sel,bd.pts,od.pts,earlystop,overdose,poorall,ov.sel,design
36,1,1,7.54999999999998,25.0000000000002,7.15555555555558,19.7930555555556,1.15,0,83.3999999999974,0,utpi
36,2,1,9.15,17.3500000000001,7.64027777777783,13.1083333333333,1.05,0,85.0999999999973,0,utpi
18,1,1,6.27999999999991,21.2000000000005,4.53500000000002,14.2838888888894,0.39,0,83.790000000006,0,utpi
18,2,1,7.81999999999988,13.4299999999998,4.56444444444448,7.53500000000007,0.54,0,84.8400000000065,0,utpi
18,1,1,6.27999999999991,21.2000000000005,4.53500000000002,14.2838888888894,0.39,0,83.790000000006,0,utpi
18,2,1,7.81999999999988,13.4299999999998,4.56444444444448,7.53500000000007,0.54,0,84.8400000000065,0,utpi
