"ncohort","utype","rtype","bd.sel","od.sel","bd.pts","od.pts","earlystop","overdose","poorall","ov.sel","design"
"12","1","1","57.2199999999972","72.6900000000003","46.019166666665","60.9524999999986","4.53","5.09666666666679","25.1300000000011","1.15","boin12"
"18","1","1","59.4299999999967","75.6200000000018","49.2172222222221","64.6288888888905","5.58","4.22333333333347","24.9600000000011","1","boin12"
"12","2","1","51.0899999999984","75.4600000000017","42.9491666666651","62.9449999999987","4.32","6.96583333333355","27.3200000000015","3.40999999999997","boin12"
"18","2","1","52.5499999999981","76.9300000000025","46.1783333333326","66.0683333333355","5.73","5.66944444444465","26.6700000000014","2.58999999999999","boin12"
