"ncohort","utype","rtype","bd.sel","od.sel","bd.pts","od.pts","earlystop","overdose","poorall","ov.sel","design"
"12","1","1","56.8299999999973","70.4599999999991","49.5191666666625","63.1108333333286","4.28","4.12750000000002","38.4800000000009","0.62","boinet"
"18","1","1","58.6199999999969","72.15","51.5422222222255","64.9461111111152","5.14","3.63333333333337","37.7200000000011","0.45","boinet"
"12","2","1","53.5399999999979","70.209999999999","47.5108333333295","62.3858333333291","4.31","4.11333333333335","40.2900000000006","1.81","boinet"
"18","2","1","55.0399999999976","72.05","49.8061111111139","65.3427777777831","5.2","3.16388888888892","40.0800000000006","1.11","boinet"
