"ncohort","utype","rtype","bd.sel","od.sel","bd.pts","od.pts","earlystop","overdose","poorall","ov.sel","design"
"12","1","1","57.2899999999972","70.9299999999994","48.5941666666628","62.1399999999958","2.86","4.92333333333337","39.3500000000007","0.820000000000001","ji3"
"18","1","1","59.1399999999968","73.3100000000006","50.6538888888919","64.5733333333375","3.78","4.18333333333338","38.190000000001","0.5","ji3"
"12","2","1","53.4499999999979","70.9999999999994","46.776666666663","62.2333333333293","3.23","4.8516666666667","41.0500000000004","1.84","ji3"
"18","2","1","54.7799999999977","72.6100000000002","48.860555555558","65.0338888888942","3.78","4.20666666666672","40.2000000000006","1.41","ji3"
