"ncohort","utype","rtype","bd.sel","od.sel","bd.pts","od.pts","earlystop","overdose","poorall","ov.sel","design"
"12","1","1","55.6999999999975","68.3699999999981","49.1774999999965","61.349999999996","9.25","1.97916666666665","35.9300000000014","0.59","stein"
"18","1","1","57.7099999999971","70.4699999999991","51.7627777777805","64.0622222222258","10.08","1.55055555555556","36.1300000000014","0.36","stein"
"12","2","1","54.2399999999978","68.6099999999982","47.8574999999967","59.7708333333296","8.74","2.07749999999999","37.920000000001","1.3","stein"
"18","2","1","54.6899999999977","69.0199999999984","49.9966666666689","62.5433333333381","10.17","1.62055555555556","37.6900000000011","0.970000000000001","stein"
