"ncohort","utype","rtype","bd.sel","od.sel","bd.pts","od.pts","earlystop","overdose","poorall","ov.sel","design"
"12","1","1","51.2399999999984","67.6099999999977","27.7966666666639","43.2899999999975","5.81","10.5225","59.9399999999966","1.49","tepi"
"18","1","1","52.909999999998","69.6299999999987","26.7827777777752","42.0555555555542","6.29","9.98388888888925","64.9099999999963","0.61","tepi"
"12","2","1","47.1799999999992","71.9099999999999","29.1299999999973","55.547499999997","5.43","10.95","57.2499999999972","2.96999999999998","tepi"
"18","2","1","48.219999999999","72.6300000000003","28.1105555555529","56.6800000000015","6.21","9.8444444444448","62.8699999999961","1.71","tepi"
