"ncohort","utype","rtype","bd.sel","od.sel","bd.pts","od.pts","earlystop","overdose","poorall","ov.sel","design"
"12","1","1","58.4399999999969","71.9399999999999","49.1941666666632","62.9966666666632","3.49","4.26000000000002","33.070000000002","0.830000000000001","utpi"
"18","1","1","60.9699999999964","74.7000000000013","52.3127777777807","66.282222222226","3.95","3.5127777777778","32.6900000000021","0.59","utpi"
"12","2","1","55.6899999999975","71.8399999999998","48.499166666663","63.0516666666626","3.44","4.20583333333335","37.4000000000011","1.66","utpi"
"18","2","1","57.3099999999972","74.3400000000011","51.0822222222249","66.513333333338","3.97","3.65055555555558","36.9900000000012","1.26","utpi"
