"ncohort","utype","rtype","bd.sel","od.sel","bd.pts","od.pts","earlystop","overdose","poorall","ov.sel","design"
"12","1","1","44.4799999999997","60.4999999999965","35.7683333333314","50.231666666665","2.13","3.96750000000001","46.8599999999992","0.72","boinet"
"18","1","1","47.2999999999992","63.9399999999958","39.9066666666668","55.137222222224","2.25","3.56500000000004","43.9099999999998","0.4","boinet"
"12","2","1","44.7599999999997","59.5499999999967","33.7433333333317","46.1108333333322","1.89","4.42666666666671","48.6599999999989","1.8","boinet"
"18","2","1","48.5299999999989","63.9599999999958","38.3338888888887","51.9727777777794","2.34","3.74000000000006","44.5699999999997","1.1","boinet"
