"ncohort","utype","rtype","bd.sel","od.sel","bd.pts","od.pts","earlystop","overdose","poorall","ov.sel","design"
"12","1","1","46.3399999999993","63.7199999999959","34.0358333333319","49.0349999999989","2.16","4.11750000000006","37.5600000000011","1.01","boin12"
"18","1","1","51.5299999999983","68.309999999998","37.6194444444427","52.8044444444439","3.68","3.45166666666677","34.1000000000018","0.880000000000001","boin12"
"12","2","1","48.8499999999989","67.4699999999976","33.8458333333318","47.764166666666","1.7","5.69000000000017","34.5900000000017","2.85999999999998","boin12"
"18","2","1","52.5199999999981","72.0199999999999","37.8366666666649","52.2027777777774","2.62","4.71500000000018","32.1500000000022","1.92","boin12"
