"ncohort","utype","rtype","bd.sel","od.sel","bd.pts","od.pts","earlystop","overdose","poorall","ov.sel","design"
"12","1","1","44.5099999999997","60.7699999999965","34.4716666666646","48.8291666666647","1.11","5.18333333333339","48.6899999999989","0.880000000000001","ji3"
"18","1","1","46.8399999999993","63.329999999996","37.710555555555","52.3733333333346","2.03","4.4344444444445","46.8199999999993","0.51","ji3"
"12","2","1","44.8699999999996","60.8399999999965","32.7733333333314","45.4441666666654","1.21","5.52666666666673","50.4199999999985","1.71","ji3"
"18","2","1","47.3599999999991","64.1299999999959","36.0633333333328","50.640555555557","2.02","4.98888888888898","47.5099999999991","1.3","ji3"
