"ncohort","utype","rtype","bd.sel","od.sel","bd.pts","od.pts","earlystop","overdose","poorall","ov.sel","design"
"12","1","1","44.3899999999997","59.3699999999968","33.5583333333321","47.123333333332","3.31","1.96166666666665","46.2899999999994","0.76","stein"
"18","1","1","47.5399999999991","62.1799999999962","38.0177777777776","51.5811111111122","5.18","1.86277777777778","43.17","0.53","stein"
"12","2","1","44.5499999999997","57.2799999999972","31.4224999999988","41.192499999999","3.43","2.03833333333332","48.7299999999989","1.29","stein"
"18","2","1","47.3999999999991","60.7299999999965","35.7772222222218","46.4244444444451","4.54","2.0638888888889","45.2499999999996","1.32","stein"
