"ncohort","utype","rtype","bd.sel","od.sel","bd.pts","od.pts","earlystop","overdose","poorall","ov.sel","design"
"12","1","1","46.3599999999993","63.7399999999959","28.0766666666644","42.1683333333315","2.34","7.66666666666685","54.0699999999978","1.08","tepi"
"18","1","1","48.089999999999","65.3499999999965","28.9983333333311","43.2811111111101","3.58","7.50444444444466","58.079999999997","0.68","tepi"
"12","2","1","47.6899999999991","65.9799999999968","29.5933333333312","47.1616666666651","2.3","7.68916666666687","51.0099999999984","2.38999999999999","tepi"
"18","2","1","48.5799999999989","67.0499999999974","31.2527777777755","51.6894444444444","3.1","7.64777777777801","53.7299999999979","1.81","tepi"
