"ncohort","utype","rtype","bd.sel","od.sel","bd.pts","od.pts","earlystop","overdose","poorall","ov.sel","design"
"12","1","1","46.3699999999993","62.4599999999961","35.9458333333319","50.4699999999987","1.96","3.85166666666667","39.0800000000008","0.64","utpi"
"18","1","1","49.1599999999988","65.8299999999968","39.5055555555553","54.547777777779","2.46","3.23222222222226","41.1100000000004","0.52","utpi"
"12","2","1","44.7199999999997","59.6899999999967","33.8649999999981","45.9041666666654","1.71","4.20166666666669","48.029999999999","1.71","utpi"
"18","2","1","48.189999999999","63.149999999996","38.0977777777775","50.8772222222233","2.1","3.35388888888893","45.6399999999995","1.11","utpi"
