"ncohort","utype","rtype","bd.sel","od.sel","bd.pts","od.pts","earlystop","overdose","poorall","ov.sel","design"
"12","1","1","32.1500000000022","48.8499999999989","20.4749999999989","34.4099999999985","0.76","1.46749999999998","61.1699999999964","0.66","boin12"
"18","1","1","35.9800000000014","52.7499999999981","23.4355555555546","37.4605555555544","1.14","1.31500000000001","56.8399999999973","0.61","boin12"
"12","2","1","42.3600000000001","54.1699999999978","24.1199999999984","32.3624999999984","0.65","2.34833333333332","56.1299999999974","1.55","boin12"
"18","2","1","46.1999999999994","58.5799999999969","27.3649999999991","36.164444444443","0.88","2.08777777777782","47.7299999999991","1.4","boin12"
