"ncohort","utype","rtype","bd.sel","od.sel","bd.pts","od.pts","earlystop","overdose","poorall","ov.sel","design"
"12","1","1","35.6500000000015","51.5499999999983","27.4683333333326","41.4199999999994","0.45","2.85416666666667","50.8099999999985","0.39","ji3"
"18","1","1","39.1400000000008","56.1599999999974","32.7855555555541","47.3411111111109","0.76","2.76555555555556","45.8199999999995","0.24","ji3"
"12","2","1","40.9800000000004","53.059999999998","25.7241666666658","36.3891666666662","0.34","3.72916666666668","51.8399999999983","1.29","ji3"
"18","2","1","43.6399999999999","55.3999999999975","30.2538888888878","42.091666666666","0.65","3.61055555555557","46.9499999999992","0.900000000000001","ji3"
