"ncohort","utype","rtype","bd.sel","od.sel","bd.pts","od.pts","earlystop","overdose","poorall","ov.sel","design"
"12","1","1","33.5300000000019","49.4299999999987","25.4191666666659","39.1708333333326","0.52","2.08333333333332","55.3599999999976","0.35","printe"
"18","1","1","37.6700000000011","54.2799999999978","31.0133333333322","45.0638888888887","0.72","2.02555555555556","49.4899999999987","0.22","printe"
"12","2","1","38.100000000001","49.7499999999987","23.9374999999992","33.5233333333325","0.41","2.70416666666666","56.0499999999974","1.26","printe"
"18","2","1","41.5300000000003","52.979999999998","28.578888888888","39.3472222222215","0.7","2.66888888888891","50.7099999999985","0.940000000000001","printe"
