"ncohort","utype","rtype","bd.sel","od.sel","bd.pts","od.pts","earlystop","overdose","poorall","ov.sel","design"
"12","1","1","33.170000000002","48.8999999999988","23.2174999999989","35.8049999999989","0.85","2.47083333333333","56.6899999999973","0.36","tepi"
"18","1","1","39.8600000000006","56.5699999999973","29.4516666666651","42.5838888888882","1.02","3.02055555555557","48.4299999999989","0.32","tepi"
"12","2","1","38.3400000000009","49.2399999999988","24.1416666666655","33.8674999999988","0.57","2.39333333333332","54.2199999999978","1.12","tepi"
"18","2","1","44.4799999999997","56.2999999999974","30.0811111111097","42.4644444444437","0.88","3.2216666666667","46.1799999999994","1.11","tepi"
