"ncohort","utype","rtype","bd.sel","od.sel","bd.pts","od.pts","earlystop","overdose","poorall","ov.sel","design"
"12","1","1","63.5499999999959","77.1700000000026","57.7766666666622","76.1141666666662","3.25","6.11750000000018","21.2400000000005","1.34","boin12"
"18","1","1","66.1499999999969","79.980000000004","60.7533333333376","77.5972222222249","3.62","4.71722222222237","19.9900000000003","0.830000000000001","boin12"
"12","2","1","49.4099999999987","79.8200000000039","50.3674999999957","84.3141666666703","3.52","8.03750000000026","27.0700000000014","3.44999999999997","boin12"
"18","2","1","51.7499999999983","81.8000000000049","53.3605555555576","85.0144444444491","4.01","6.3505555555558","25.3500000000012","2.59999999999999","boin12"
