"ncohort","utype","rtype","bd.sel","od.sel","bd.pts","od.pts","earlystop","overdose","poorall","ov.sel","design"
"12","1","1","70.5299999999992","80.1200000000041","64.8366666666613","78.8883333333342","4.22","5.05666666666671","31.1300000000021","0.81","boinet"
"18","1","1","68.7599999999983","79.4800000000038","62.8499999999981","77.1650000000014","4.95","4.04000000000004","32.950000000002","0.51","boinet"
"12","2","1","63.7099999999959","83.5300000000058","65.0899999999947","88.1100000000062","4.61","5.15250000000005","30.660000000002","2.23","boinet"
"18","2","1","62.7399999999961","84.2100000000062","63.8549999999979","87.7266666666732","5.49","3.83277777777782","32.3100000000021","1.5","boinet"
