"ncohort","utype","rtype","bd.sel","od.sel","bd.pts","od.pts","earlystop","overdose","poorall","ov.sel","design"
"12","1","1","70.6799999999993","80.7700000000044","66.8908333333287","79.227500000001","3.24","3.37999999999999","28.4000000000016","0.72","printe"
"18","1","1","71.5899999999997","81.3400000000047","65.5538888888861","77.5033333333346","4.04","2.84555555555557","29.5900000000018","0.32","printe"
"12","2","1","64.1699999999959","84.4900000000063","67.7208333333292","88.5566666666731","3.25","3.35416666666666","27.8100000000015","1.93","printe"
"18","2","1","64.1599999999959","84.9500000000066","66.0677777777752","87.5538888888955","4.02","2.91722222222223","29.4100000000018","1.33","printe"
