"ncohort","utype","rtype","bd.sel","od.sel","bd.pts","od.pts","earlystop","overdose","poorall","ov.sel","design"
"12","1","1","72.6000000000002","82.0300000000051","70.1199999999966","81.2741666666687","4.09","2.53999999999999","23.8900000000009","0.63","stein"
"18","1","1","72.8300000000004","82.4000000000052","70.0766666666654","81.0533333333364","4.93","1.89611111111112","24.160000000001","0.31","stein"
"12","2","1","68.3599999999981","86.5200000000074","71.0408333333306","89.6450000000071","3.83","2.49666666666666","23.4500000000009","1.43","stein"
"18","2","1","68.4899999999981","86.9400000000076","70.7999999999991","89.4411111111188","4.93","1.955","23.6900000000009","0.990000000000001","stein"
