"ncohort","utype","rtype","bd.sel","od.sel","bd.pts","od.pts","earlystop","overdose","poorall","ov.sel","design"
"12","1","1","70.209999999999","80.4400000000042","64.7666666666621","79.5733333333343","3.2","5.18583333333341","26.7600000000014","0.860000000000001","utpi"
"18","1","1","71.7499999999998","81.850000000005","66.3072222222206","80.3466666666697","3.87","4.29166666666671","25.1300000000011","0.57","utpi"
"12","2","1","65.0199999999964","84.8000000000065","65.784166666662","88.3425000000063","3.16","4.75583333333338","28.1500000000016","1.95","utpi"
"18","2","1","65.4499999999966","86.1600000000072","65.2844444444422","88.5533333333403","3.82","4.05833333333338","28.0100000000016","1.23","utpi"
