"ncohort","utype","rtype","bd.sel","od.sel","bd.pts","od.pts","earlystop","overdose","poorall","ov.sel","design"
"12","1","1","70.5199999999992","83.0700000000056","69.63333333333","84.4033333333374","4.75","2.91083333333332","25.3600000000012","0.63","boinet"
"18","1","1","70.7799999999993","82.7400000000054","68.8655555555546","82.9188888888931","5.87","2.32555555555557","26.4300000000013","0.33","boinet"
"12","2","1","65.6499999999967","85.0900000000066","69.2591666666632","89.045000000007","4.91","2.92249999999998","26.0800000000013","1.29","boinet"
"18","2","1","65.5399999999966","84.0200000000061","68.7477777777765","87.6772222222289","6.29","2.35055555555557","26.7700000000014","1.08","boinet"
