"ncohort","utype","rtype","bd.sel","od.sel","bd.pts","od.pts","earlystop","overdose","poorall","ov.sel","design"
"12","1","1","63.389999999996","81.3200000000047","62.3024999999957","81.7375000000024","3.81","3.80500000000005","15.0199999999997","1.09","boin12"
"18","1","1","63.6199999999959","81.3700000000047","62.9561111111161","81.6055555555589","4.74","3.14888888888899","17.87","0.6","boin12"
"12","2","1","51.7399999999983","80.4500000000043","56.1124999999961","84.7016666666705","4.24","4.95166666666676","20.0400000000003","2.29999999999999","boin12"
"18","2","1","53.359999999998","82.5100000000053","57.1188888888919","85.6866666666717","4.22","4.44055555555571","20.8500000000005","1.9","boin12"
