"ncohort","utype","rtype","bd.sel","od.sel","bd.pts","od.pts","earlystop","overdose","poorall","ov.sel","design"
"12","1","1","66.5899999999972","80.4900000000043","63.8316666666612","80.5933333333353","4.6","3.82083333333334","31.3600000000021","0.58","ji3"
"18","1","1","66.8399999999973","80.4900000000043","62.7477777777758","78.998888888891","5.03","3.38611111111116","32.4800000000021","0.43","ji3"
"12","2","1","61.6999999999963","82.6700000000054","64.2983333333279","86.7566666666724","4.84","4.07583333333335","30.830000000002","1.5","ji3"
"18","2","1","61.8299999999963","82.6000000000054","62.9099999999982","85.292777777783","5.45","3.35333333333337","32.2300000000022","1.13","ji3"
