"ncohort","utype","rtype","bd.sel","od.sel","bd.pts","od.pts","earlystop","overdose","poorall","ov.sel","design"
"12","1","1","70.279999999999","82.8600000000055","69.0674999999965","82.9591666666698","4.9","2.30083333333332","25.4400000000012","0.47","printe"
"18","1","1","70.0399999999989","82.9000000000055","67.6972222222206","81.5788888888918","5.1","2.12722222222225","27.5300000000015","0.46","printe"
"12","2","1","64.9999999999963","84.0500000000061","69.4591666666635","87.7800000000063","5.19","2.48666666666665","25.0800000000011","1.48","printe"
"18","2","1","64.8899999999963","83.9900000000061","67.8055555555543","86.4244444444501","5.62","2.00222222222224","27.6300000000015","0.980000000000001","printe"
