"ncohort","utype","rtype","bd.sel","od.sel","bd.pts","od.pts","earlystop","overdose","poorall","ov.sel","design"
"12","1","1","71.0399999999994","83.1500000000056","70.6266666666639","84.6425000000037","5.35","2.50999999999999","23.1900000000008","0.54","stein"
"18","1","1","71.6699999999998","84.2100000000062","70.4083333333326","84.3655555555603","5.4","1.99111111111111","23.6000000000009","0.39","stein"
"12","2","1","67.1299999999974","85.5600000000069","70.9849999999972","89.5050000000068","5.09","2.55499999999999","23.3500000000009","1.41","stein"
"18","2","1","67.5499999999977","85.800000000007","70.6433333333328","88.877777777785","5.64","1.89722222222223","23.3800000000009","0.920000000000001","stein"
