"ncohort","utype","rtype","bd.sel","od.sel","bd.pts","od.pts","earlystop","overdose","poorall","ov.sel","design"
"12","1","1","51.5399999999983","72.08","22.64333333333","55.701666666663","3.54","15.0283333333334","75.7000000000018","1.48","tepi"
"18","1","1","53.129999999998","74.5700000000012","21.5594444444426","52.2211111111091","3.46","12.7933333333339","74.5000000000012","0.79","tepi"
"12","2","1","45.1699999999996","77.2000000000026","22.9766666666633","73.1999999999981","3.41","15.0941666666667","75.1500000000015","2.65999999999999","tepi"
"18","2","1","45.9599999999994","78.2600000000031","21.3283333333314","70.4811111111088","3.52","12.2900000000006","74.8400000000014","1.49","tepi"
