"ncohort","utype","rtype","bd.sel","od.sel","bd.pts","od.pts","earlystop","overdose","poorall","ov.sel","design"
"12","1","1","71.8999999999999","84.2100000000062","70.5208333333302","85.2000000000039","3.46","2.68416666666667","22.3900000000007","0.71","utpi"
"18","1","1","72.05","84.8600000000065","70.492777777777","84.9833333333385","4.22","2.15444444444446","23.2300000000008","0.41","utpi"
"12","2","1","68.6699999999982","86.9200000000076","70.7608333333304","89.8541666666737","3.41","2.71083333333332","22.0700000000007","1.36","utpi"
"18","2","1","67.4199999999976","86.5600000000074","68.8199999999987","88.9705555555627","4.35","2.21833333333335","24.8700000000011","0.76","utpi"
