"ncohort","utype","rtype","bd.sel","od.sel","bd.pts","od.pts","earlystop","overdose","poorall","ov.sel","design"
"12","1","1","60.1999999999966","72.9700000000004","48.5941666666651","60.5066666666652","6.56","3.41333333333336","22.1000000000007","1.05","boin12"
"18","1","1","61.1699999999964","74.2400000000011","51.9411111111112","64.2488888888906","7.75","2.95666666666676","23.4100000000009","0.850000000000001","boin12"
"12","2","1","52.0599999999982","75.6400000000018","45.6533333333322","63.5191666666651","6.38","4.49000000000009","24.110000000001","3.00999999999998","boin12"
"18","2","1","52.8599999999981","77.1900000000026","48.9044444444442","67.3827777777805","7.18","3.98166666666678","24.460000000001","2.50999999999999","boin12"
