"ncohort","utype","rtype","bd.sel","od.sel","bd.pts","od.pts","earlystop","overdose","poorall","ov.sel","design"
"12","1","1","60.9199999999964","72.07","53.2008333333293","64.0691666666621","3.62","2.81166666666667","35.0600000000016","0.65","ji3"
"18","1","1","62.2999999999962","73.8800000000009","55.878888888894","67.2716666666715","4.71","2.33388888888889","33.5500000000019","0.53","ji3"
"12","2","1","57.4299999999971","72.3700000000001","50.0883333333296","63.0174999999959","3.42","2.97166666666666","38.150000000001","1.41","ji3"
"18","2","1","58.199999999997","73.2600000000006","52.5344444444487","65.8844444444506","3.96","2.42611111111111","37.1600000000012","1.12","ji3"
