"ncohort","utype","rtype","bd.sel","od.sel","bd.pts","od.pts","earlystop","overdose","poorall","ov.sel","design"
"12","1","1","58.7999999999969","69.3299999999986","52.642499999996","63.0116666666621","8.48","1.61583333333332","35.2400000000016","0.31","stein"
"18","1","1","58.7599999999969","69.9099999999989","54.038888888893","65.2694444444491","10.58","1.30333333333333","35.7800000000015","0.23","stein"
"12","2","1","54.8799999999977","67.9699999999979","48.9949999999962","60.2124999999957","9.44","1.64916666666665","38.8900000000008","0.960000000000001","stein"
"18","2","1","55.1099999999976","68.0399999999979","50.9227777777812","62.3144444444501","10.2","1.29666666666666","39.3800000000007","0.81","stein"
