"ncohort","utype","rtype","bd.sel","od.sel","bd.pts","od.pts","earlystop","overdose","poorall","ov.sel","design"
"12","1","1","53.7199999999979","67.6199999999977","30.391666666664","42.1799999999976","8.19","7.20333333333345","52.3899999999981","0.870000000000001","tepi"
"18","1","1","54.0499999999978","67.6899999999977","27.7688888888866","39.5749999999992","9.16","7.7761111111113","59.4599999999967","0.57","tepi"
"12","2","1","49.2299999999988","73.0900000000005","32.2833333333308","57.0166666666636","8","6.9175000000001","48.7399999999989","2.68999999999999","tepi"
"18","2","1","49.3799999999987","73.8300000000009","30.1094444444421","57.2694444444472","8.51","7.54833333333355","55.4299999999975","1.71","tepi"
