"ncohort","utype","rtype","bd.sel","od.sel","bd.pts","od.pts","earlystop","overdose","poorall","ov.sel","design"
"12","1","1","38.230000000001","52.6799999999981","28.7466666666655","41.4458333333321","13.4","1.21083333333333","55.7799999999975","0.35","printe"
"18","1","1","41.3700000000003","56.1499999999974","32.4927777777773","46.1705555555568","14.62","0.99999999999999","53.7499999999979","0.25","printe"
"12","2","1","37.7300000000011","48.8899999999988","26.9324999999989","35.6283333333321","13.15","1.26666666666667","58.259999999997","0.78","printe"
"18","2","1","39.0400000000008","50.6699999999985","29.8449999999995","39.4716666666673","13.92","1.02166666666666","57.1599999999972","0.48","printe"
