"ncohort","utype","rtype","bd.sel","od.sel","bd.pts","od.pts","earlystop","overdose","poorall","ov.sel","design"
"12","1","1","39.7800000000007","54.7599999999977","30.7141666666653","44.219166666665","13.37","1.45416666666666","52.979999999998","0.4","stein"
"18","1","1","41.5600000000003","56.7999999999973","33.8966666666664","47.8933333333342","16.14","1.12777777777777","50.6399999999985","0.25","stein"
"12","2","1","38.7200000000009","50.1699999999986","28.4299999999988","37.4299999999986","12.8","1.41666666666666","55.5099999999975","0.71","stein"
"18","2","1","40.1200000000006","51.3399999999984","31.7911111111109","41.1438888888894","15.64","1.16944444444444","53.349999999998","0.48","stein"
