"ncohort","utype","rtype","bd.sel","od.sel","bd.pts","od.pts","earlystop","overdose","poorall","ov.sel","design"
"12","1","1","47.2199999999992","66.5299999999971","26.9458333333304","43.9699999999978","5.08","9.2975000000002","60.3299999999966","1.16","tepi"
"18","1","1","47.949999999999","67.3599999999976","28.00222222222","46.5316666666659","6.6","7.96111111111145","58.5099999999969","0.47","tepi"
"12","2","1","47.2799999999992","65.6699999999967","28.1383333333305","46.5816666666649","5.34","9.6466666666668","58.349999999997","2.1","tepi"
"18","2","1","47.929999999999","67.1899999999975","29.5622222222202","50.9455555555556","6.43","8.1544444444448","55.6899999999975","0.910000000000001","tepi"
