ncohort,utype,rtype,bd.sel,od.sel,bd.pts,od.pts,earlystop,overdose,poorall,ov.sel,design
36,1,1,31.6000000000003,59.7499999999987,19.1486111111112,39.7597222222224,3.25,1.43888888888889,51.6499999999992,0.45,boin12
36,2,1,35.8500000000001,58.7999999999988,21.9694444444445,36.7250000000001,2.25,2.56111111111112,47.7999999999994,1.15,boin12
18,1,1,25.0200000000011,49.0399999999988,15.2244444444454,32.7311111111101,1.27,1.74166666666669,51.4599999999983,0.41,boin12
18,2,1,30.1100000000019,52.8299999999981,17.2416666666674,30.3255555555543,1.11,3.09555555555561,42.9,1.47,boin12
