ncohort,utype,rtype,bd.sel,od.sel,bd.pts,od.pts,earlystop,overdose,poorall,ov.sel,design
36,1,1,27.4500000000003,51.7999999999992,21.5111111111112,40.7763888888888,0.85,2.74166666666668,63.3999999999985,0.15,ji3
36,2,1,25.8500000000002,45.5499999999995,19.7888888888889,34.3569444444445,0.9,2.95972222222223,64.8999999999985,0.4,ji3
18,1,1,23.5400000000009,46.6799999999993,16.2288888888893,33.895555555555,0.59,2.84944444444446,62.6899999999961,0.6,ji3
18,2,1,25.1100000000011,42.2200000000002,15.844444444445,26.8155555555549,0.57,3.18777777777779,62.1599999999962,1.19,ji3
