ncohort,utype,rtype,bd.sel,od.sel,bd.pts,od.pts,earlystop,overdose,poorall,ov.sel,design
36,1,1,27.1000000000003,51.9499999999992,19.2250000000001,39.511111111111,1.95,0.937499999999999,65.4999999999984,0.15,printe
36,2,1,24.7500000000002,41.8999999999998,17.3597222222222,29.6069444444444,1.4,1.22222222222222,67.5999999999983,0.65,printe
18,1,1,21.0600000000005,43.08,13.1050000000004,29.1877777777774,1.26,0.774444444444442,65.5499999999966,0.27,printe
18,2,1,22.1200000000007,36.3500000000013,12.5127777777782,21.0261111111109,1.14,0.958333333333329,67.0299999999974,1.08,printe
