ncohort,utype,rtype,bd.sel,od.sel,bd.pts,od.pts,earlystop,overdose,poorall,ov.sel,design
36,1,1,22.7500000000002,45.1499999999996,16.4902777777778,35.0763888888889,4.35,0.5,67.4999999999983,0.15,stein
36,2,1,24.6500000000002,37.9,15.8722222222222,24.9888888888889,3.75,0.484722222222222,69.3499999999982,0.3,stein
18,1,1,17.63,38.130000000001,10.6405555555559,25.448333333333,2.58,0.407222222222221,71.8299999999998,0.13,stein
18,2,1,18.8200000000001,31.2000000000021,10.3416666666669,17.5294444444445,2.27,0.528333333333331,72.0099999999999,0.54,stein
