ncohort,utype,rtype,bd.sel,od.sel,bd.pts,od.pts,earlystop,overdose,poorall,ov.sel,design
36,1,1,25.9000000000002,50.0999999999993,19.1208333333334,38.9263888888888,1.85,1.37222222222222,63.2999999999985,0.05,utpi
36,2,1,27.8500000000003,45.3999999999996,20.2597222222223,33.5069444444444,1.25,1.90277777777777,64.9999999999985,0.45,utpi
18,1,1,22.9400000000008,44.8699999999996,15.4377777777784,32.2194444444439,0.82,1.96666666666667,59.1999999999968,0.63,utpi
18,2,1,23.2300000000008,39.0500000000008,14.6016666666671,24.865555555555,0.86,2.16111111111113,64.289999999996,1.12,utpi
18,1,1,22.9400000000008,44.8699999999996,15.4377777777784,32.2194444444439,0.82,1.96666666666667,59.1999999999968,0.63,utpi
18,2,1,23.2300000000008,39.0500000000008,14.6016666666671,24.865555555555,0.86,2.16111111111113,64.289999999996,1.12,utpi
