"ncohort","utype","rtype","bd.sel","od.sel","bd.pts","od.pts","earlystop","overdose","poorall","ov.sel","design"
"12","1","1","63.169999999996","78.1500000000031","54.2808333333291","75.2958333333327","3.41","6.89500000000016","35.7100000000015","1.32","boinet"
"18","1","1","64.329999999996","78.8400000000034","53.2699999999992","73.2144444444443","4.27","5.74777777777796","37.4900000000011","0.64","boinet"
"12","2","1","54.9499999999976","80.6800000000044","55.3883333333288","86.1041666666716","3.56","6.60500000000013","35.2200000000016","2.73999999999999","boinet"
"18","2","1","55.4099999999975","81.7000000000049","54.4361111111099","85.1177777777832","4.65","5.48222222222239","36.9400000000012","1.75","boinet"
