"ncohort","utype","rtype","bd.sel","od.sel","bd.pts","od.pts","earlystop","overdose","poorall","ov.sel","design"
"12","1","1","59.1099999999968","73.9400000000009","48.8266666666624","71.5074999999977","4.63","8.49500000000013","45.1999999999996","1.45","ji3"
"18","1","1","60.3499999999966","75.5700000000018","47.8183333333328","69.6877777777764","4.93","7.22777777777799","46.2999999999994","0.68","ji3"
"12","2","1","52.5299999999981","78.4200000000032","50.4774999999957","84.450000000004","4.73","8.45500000000014","43.5199999999999","2.76999999999998","ji3"
"18","2","1","51.9399999999982","79.6900000000039","48.112222222222","82.9905555555596","5.32","7.15277777777797","46.0399999999994","1.69","ji3"
