ncohort,utype,rtype,bd.sel,od.sel,bd.pts,od.pts,earlystop,overdose,poorall,ov.sel,design
36,1,1,32.7000000000003,60.7499999999987,18.6291666666666,37.0375,2.45,5.96527777777783,69.0499999999982,0.65,tepi
36,2,1,33.8500000000002,67.0499999999983,20.4791666666667,51.9680555555558,2.1,6.1819444444445,64.9999999999985,0.75,tepi
18,1,1,33.4100000000019,61.1799999999964,18.3027777777775,38.3116666666652,1.66,5.75500000000011,50.1099999999986,1.15,tepi
18,2,1,33.010000000002,63.4899999999959,20.737222222221,45.7555555555541,1.8,5.66222222222235,46.9599999999992,2.29,tepi
