"ncohort","utype","rtype","bd.sel","od.sel","bd.pts","od.pts","earlystop","overdose","poorall","ov.sel","design"
"12","1","1","47.6699999999991","59.9999999999966","40.1524999999982","50.8124999999983","4.25","0","42.3700000000001","0","boin12"
"18","1","1","51.9499999999982","63.149999999996","42.8577777777775","53.0977777777781","6.7","0","40.1200000000006","0","boin12"
"12","2","1","57.6899999999971","62.3199999999962","42.5558333333318","46.7858333333318","3.27","0","36.9100000000012","0","boin12"
"18","2","1","60.6199999999965","65.1099999999964","45.3966666666662","49.7622222222223","4.75","0","35.6500000000015","0","boin12"
