"ncohort","utype","rtype","bd.sel","od.sel","bd.pts","od.pts","earlystop","overdose","poorall","ov.sel","design"
"12","1","1","45.1599999999996","56.7899999999973","53.0266666666657","61.4166666666648","2.08","0","29.3200000000018","0","ji3"
"18","1","1","48.8399999999989","61.0299999999964","58.0266666666692","66.7750000000044","3.04","0","27.9000000000016","0","ji3"
"12","2","1","53.3999999999979","58.6199999999969","50.3024999999992","54.7424999999988","1.98","0","32.3700000000021","0","ji3"
"18","2","1","56.4899999999973","61.7899999999963","54.9416666666689","59.340000000003","2.5","0","31.2400000000021","0","ji3"
