"ncohort","utype","rtype","bd.sel","od.sel","bd.pts","od.pts","earlystop","overdose","poorall","ov.sel","design"
"12","1","1","41.4600000000003","53.7299999999979","43.3349999999996","52.6458333333324","4.25","0","39.4500000000007","0","printe"
"18","1","1","44.4099999999997","57.1099999999972","48.7627777777783","58.4455555555575","5.58","0","36.6900000000013","0","printe"
"12","2","1","50.8399999999985","56.3599999999974","41.4391666666662","46.3066666666659","3.36","0","42.1000000000002","0","printe"
"18","2","1","52.7799999999981","58.089999999997","46.359444444445","51.0627777777788","4.5","0","39.8500000000006","0","printe"
