"ncohort","utype","rtype","bd.sel","od.sel","bd.pts","od.pts","earlystop","overdose","poorall","ov.sel","design"
"12","1","1","22.5100000000007","36.9500000000012","16.1774999999993","27.0274999999987","8.79","0","72.3500000000001","0","boin12"
"18","1","1","27.2400000000015","43.02","19.1672222222221","31.4438888888877","11.6","0","65.9099999999968","0","boin12"
"12","2","1","32.4100000000021","40.7400000000005","17.8283333333324","23.3266666666653","6.47","0","68.5399999999982","0","boin12"
"18","2","1","38.3700000000009","46.7799999999993","22.7944444444437","28.882222222221","8.1","0","58.8299999999969","0","boin12"
