"ncohort","utype","rtype","bd.sel","od.sel","bd.pts","od.pts","earlystop","overdose","poorall","ov.sel","design"
"12","1","1","17.99","31.9200000000022","15.2116666666663","26.9183333333326","11.94","0","74.090000000001","0","stein"
"18","1","1","20.1100000000003","34.4300000000017","18.5455555555556","30.7905555555554","14.9","0","70.109999999999","0","stein"
"12","2","1","22.0600000000006","29.0800000000017","13.4999999999998","18.3241666666662","9.59","0","77.2100000000026","0","stein"
"18","2","1","24.190000000001","31.1400000000021","16.478888888889","21.6861111111109","12.77","0","73.4100000000007","0","stein"
