"ncohort","utype","rtype","bd.sel","od.sel","bd.pts","od.pts","earlystop","overdose","poorall","ov.sel","design"
"12","1","1","22.3300000000007","37.4100000000011","16.5666666666662","28.5233333333328","4.71","0","66.8199999999973","0","utpi"
"18","1","1","26.7600000000014","42.1900000000002","21.0905555555553","33.6111111111104","6.25","0","65.3499999999965","0","utpi"
"12","2","1","22.7800000000008","30.470000000002","13.8149999999997","18.9874999999996","3.93","0","75.9000000000019","0","utpi"
"18","2","1","26.9500000000014","34.8100000000016","18.4705555555555","24.4411111111107","5.06","0","70.179999999999","0","utpi"
