ncohort,utype,rtype,bd.sel,od.sel,bd.pts,od.pts,earlystop,overdose,poorall,ov.sel,design
36,1,1,12.7,32.1500000000003,10.8652777777778,26.6138888888889,1.85,0.297222222222222,77.7999999999977,0,boinet
36,2,1,16.1000000000001,26.3000000000002,11.3513888888889,18.9791666666667,1.3,0.472222222222222,76.2499999999978,0.15,boinet
18,1,1,9.84999999999983,27.0800000000014,6.73000000000007,18.6911111111113,0.92,0.438888888888887,78.6900000000034,0.04,boinet
18,2,1,12.4699999999998,20.3400000000004,6.91000000000011,11.5311111111115,0.7,0.622222222222217,77.4500000000027,0.21,boinet
