ncohort,utype,rtype,bd.sel,od.sel,bd.pts,od.pts,earlystop,overdose,poorall,ov.sel,design
36,1,1,24.5500000000002,48.2999999999994,19.5097222222222,37.838888888889,1.25,1.33194444444444,57.0999999999989,0.1,tepi
36,2,1,29.2000000000003,44.0999999999996,21.6083333333334,34.2111111111112,1.7,1.92222222222222,53.3999999999991,0.2,tepi
18,1,1,14.5799999999997,33.8500000000018,8.37277777777809,21.7633333333333,1.05,0.856111111111104,68.5799999999982,0.12,tepi
18,2,1,16.2499999999997,27.6800000000015,8.42833333333369,15.1783333333343,0.94,0.962222222222216,67.6699999999977,0.44,tepi
