ncohort,utype,rtype,bd.sel,od.sel,bd.pts,od.pts,earlystop,overdose,poorall,ov.sel,design
36,1,1,14.1000000000001,34.0000000000002,9.9416666666667,25.8083333333334,1.35,0.420833333333333,77.9499999999977,0.05,utpi
36,2,1,14.0500000000001,23.5000000000002,9.67638888888893,16.5194444444445,1.25,0.454166666666666,80.3499999999976,0,utpi
18,1,1,10.5099999999998,27.3700000000015,6.7127777777779,18.3683333333336,0.59,0.480555555555553,75.980000000002,0.06,utpi
18,2,1,11.6099999999998,19.5100000000003,6.22055555555566,10.6077777777781,0.49,0.523888888888886,78.5000000000033,0.19,utpi
18,1,1,10.5099999999998,27.3700000000015,6.7127777777779,18.3683333333336,0.59,0.480555555555553,75.980000000002,0.06,utpi
18,2,1,11.6099999999998,19.5100000000003,6.22055555555566,10.6077777777781,0.49,0.523888888888886,78.5000000000033,0.19,utpi
