"ncohort","utype","rtype","bd.sel","od.sel","bd.pts","od.pts","earlystop","overdose","poorall","ov.sel","design"
"12","1","1","50.8099999999985","66.8699999999973","36.4474999999988","50.4008333333328","5.99","3.57916666666671","32.950000000002","1.12","boin12"
"18","1","1","53.3899999999979","69.7799999999988","40.6188888888874","55.2355555555555","7.48","3.02333333333342","32.1800000000022","0.72","boin12"
"12","2","1","50.5199999999985","68.8299999999983","36.6466666666658","49.715","4.99","4.66416666666675","30.710000000002","2.59999999999999","boin12"
"18","2","1","53.299999999998","72.4300000000001","40.9116666666651","55.1777777777777","6.46","3.78944444444456","30.440000000002","1.74","boin12"
