"ncohort","utype","rtype","bd.sel","od.sel","bd.pts","od.pts","earlystop","overdose","poorall","ov.sel","design"
"12","1","1","46.6599999999993","61.4399999999963","37.8799999999985","51.3058333333315","3.37","2.05666666666666","46.2699999999994","0.39","ji3"
"18","1","1","48.9899999999988","63.6999999999959","41.9033333333341","55.1111111111136","4.91","1.69833333333333","44.7199999999997","0.21","ji3"
"12","2","1","45.0699999999996","56.7099999999973","34.7483333333319","44.3266666666654","3.24","2.19916666666666","49.8999999999986","0.970000000000001","ji3"
"18","2","1","47.5399999999991","60.2499999999966","39.004444444445","49.963333333335","4.27","1.78111111111111","47.6699999999991","0.59","ji3"
