"ncohort","utype","rtype","bd.sel","od.sel","bd.pts","od.pts","earlystop","overdose","poorall","ov.sel","design"
"12","1","1","39.4000000000007","57.3499999999972","29.1024999999986","44.8599999999989","2.96","2.15833333333331","51.9899999999982","0.5","printe"
"18","1","1","42.6200000000001","60.4199999999965","32.6477777777767","48.5450000000005","3.27","2.20833333333336","50.6299999999985","0.3","printe"
"12","2","1","41.1300000000004","54.9199999999976","29.0941666666654","40.2624999999989","2.44","2.63916666666666","51.3299999999984","1.2","printe"
"18","2","1","43.3999999999999","57.0999999999972","32.1338888888877","44.0455555555561","3.36","2.32111111111114","51.1299999999984","0.900000000000001","printe"
