"ncohort","utype","rtype","bd.sel","od.sel","bd.pts","od.pts","earlystop","overdose","poorall","ov.sel","design"
"12","1","1","42.4600000000001","60.2899999999966","30.765833333332","46.8666666666657","1.56","2.58416666666665","46.6499999999993","0.65","stein"
"18","1","1","44.9499999999996","63.169999999996","34.5133333333326","51.0438888888892","2.43","2.27722222222224","42.3600000000001","0.39","stein"
"12","2","1","43.6999999999999","57.2799999999972","29.8408333333321","40.6391666666654","1.47","3.01499999999999","47.5299999999991","1.44","stein"
"18","2","1","46.2999999999994","60.0399999999966","32.8516666666662","43.845","2.43","2.54555555555559","43.11","0.910000000000001","stein"
