"ncohort","utype","rtype","bd.sel","od.sel","bd.pts","od.pts","earlystop","overdose","poorall","ov.sel","design"
"12","1","1","46.0099999999994","66.6199999999972","26.6574999999972","44.8324999999977","1.39","9.11416666666683","62.3299999999962","1.02","tepi"
"18","1","1","46.1999999999994","67.4099999999976","27.706111111109","46.7883333333327","1.54","8.39444444444475","59.7199999999967","0.62","tepi"
"12","2","1","45.2999999999996","64.5699999999961","28.1174999999972","46.4508333333313","1.31","10.2125000000001","59.4199999999967","2.24","tepi"
"18","2","1","47.0699999999992","65.6299999999967","29.6944444444423","50.6555555555556","1.5","8.64444444444479","56.4199999999973","1.19","tepi"
