"ncohort","utype","rtype","bd.sel","od.sel","bd.pts","od.pts","earlystop","overdose","poorall","ov.sel","design"
"12","1","1","41.6700000000003","60.0399999999966","31.0599999999987","47.0341666666655","1.09","2.46583333333332","46.9999999999992","0.72","utpi"
"18","1","1","44.3199999999998","62.6399999999961","34.1233333333324","50.9316666666671","1.97","2.14222222222224","47.2799999999992","0.47","utpi"
"12","2","1","42.85","55.7999999999975","30.0724999999985","40.1974999999989","1.1","2.65666666666666","51.0099999999984","1.16","utpi"
"18","2","1","45.1199999999996","59.3099999999968","33.9049999999991","45.6733333333336","1.66","2.48944444444448","48.7999999999989","0.920000000000001","utpi"
