"ncohort","utype","rtype","bd.sel","od.sel","bd.pts","od.pts","earlystop","overdose","poorall","ov.sel","design"
"12","1","1","30.2700000000019","47.2299999999992","18.0066666666657","31.5966666666651","1.03","1.195","66.8299999999973","0.38","boin12"
"18","1","1","35.3900000000015","54.2199999999978","21.3316666666664","36.783888888888","1.55","1.16222222222221","58.9399999999968","0.48","boin12"
"12","2","1","34.8600000000016","44.8299999999997","19.2608333333324","26.0849999999987","1.02","1.74916666666664","62.8799999999961","0.980000000000001","boin12"
"18","2","1","41.4300000000003","52.3699999999982","23.435555555555","31.3716666666655","1.68","1.74666666666668","52.2399999999982","0.71","boin12"
