"ncohort","utype","rtype","bd.sel","od.sel","bd.pts","od.pts","earlystop","overdose","poorall","ov.sel","design"
"12","1","1","30.1600000000019","46.8399999999993","21.9566666666659","35.9966666666658","1.11","1.55416666666666","58.5099999999969","0.34","boinet"
"18","1","1","33.2800000000019","50.9099999999984","26.6283333333327","41.932222222222","1.7","1.43055555555555","52.929999999998","0.24","boinet"
"12","2","1","32.5400000000021","42.2700000000002","20.974166666666","28.6699999999991","0.99","1.88499999999999","59.6199999999967","0.73","boinet"
"18","2","1","36.0300000000014","46.5799999999993","25.1916666666661","34.1427777777771","1.25","1.67944444444444","54.7199999999977","0.4","boinet"
