"ncohort","utype","rtype","bd.sel","od.sel","bd.pts","od.pts","earlystop","overdose","poorall","ov.sel","design"
"12","1","1","34.0200000000018","51.5599999999983","24.5758333333324","40.1149999999994","1.67","2.09833333333332","56.0299999999974","0.36","ji3"
"18","1","1","35.2100000000016","53.6099999999979","28.2033333333323","44.8138888888886","2.24","1.86611111111112","54.3199999999978","0.15","ji3"
"12","2","1","35.6700000000015","46.0299999999994","23.8716666666658","32.9808333333328","1.69","2.35999999999999","56.2299999999974","0.65","ji3"
"18","2","1","37.7800000000011","48.4099999999989","28.1272222222213","38.1194444444437","2.15","2.43888888888891","53.349999999998","0.48","ji3"
