"ncohort","utype","rtype","bd.sel","od.sel","bd.pts","od.pts","earlystop","overdose","poorall","ov.sel","design"
"12","1","1","28.9300000000017","47.1299999999992","20.5291666666661","35.5333333333325","1.02","1.19333333333334","61.6299999999963","0.18","stein"
"18","1","1","33.3900000000019","51.5099999999983","24.6138888888885","40.3638888888885","1.74","1.12666666666666","55.8799999999975","0.24","stein"
"12","2","1","31.4300000000021","40.4300000000005","19.7616666666661","26.5466666666658","1.04","1.39333333333333","62.6899999999961","0.53","stein"
"18","2","1","35.2100000000016","44.6199999999997","22.6394444444443","29.979444444444","1.67","1.2661111111111","58.6299999999969","0.32","stein"
