"ncohort","utype","rtype","bd.sel","od.sel","bd.pts","od.pts","earlystop","overdose","poorall","ov.sel","design"
"12","1","1","41.2800000000004","59.0499999999968","26.2874999999975","43.2516666666654","0.91","4.9691666666667","56.6899999999973","0.39","tepi"
"18","1","1","42.8000000000001","61.2999999999964","30.4677777777758","49.6705555555545","1.11","4.39000000000009","51.0499999999984","0.25","tepi"
"12","2","1","43.7799999999999","54.7899999999977","27.5583333333309","40.1616666666656","0.84","5.48250000000007","53.299999999998","0.950000000000001","tepi"
"18","2","1","45.0399999999996","57.3999999999971","31.5177777777758","47.089999999999","1.11","5.05500000000012","49.0099999999988","0.54","tepi"
