"ncohort","utype","rtype","bd.sel","od.sel","bd.pts","od.pts","earlystop","overdose","poorall","ov.sel","design"
"12","1","1","59.2199999999968","70.8199999999993","51.2941666666628","62.7791666666624","4.76","3.14250000000001","36.1700000000014","0.79","boinet"
"18","1","1","59.8599999999967","71.4399999999996","53.3616666666706","64.7444444444489","5.59","2.77944444444447","35.9200000000014","0.6","boinet"
"12","2","1","54.3199999999978","70.8999999999994","47.766666666663","61.899999999996","4.88","3.17083333333334","39.8900000000006","1.96","boinet"
"18","2","1","55.7999999999975","72.6100000000002","50.661111111114","65.400555555561","5.89","2.96944444444447","38.250000000001","1.51","boinet"
