"ncohort","utype","rtype","bd.sel","od.sel","bd.pts","od.pts","earlystop","overdose","poorall","ov.sel","design"
"12","1","1","55.6599999999975","67.4099999999976","48.921666666663","60.4824999999961","8.53","2.76083333333333","37.2700000000012","0.59","stein"
"18","1","1","56.7799999999973","68.5799999999982","51.4700000000027","62.8750000000038","9.79","2.18388888888891","35.4800000000015","0.31","stein"
"12","2","1","53.8599999999979","69.4199999999986","47.69333333333","60.761666666663","8.49","2.77916666666666","38.080000000001","1.75","stein"
"18","2","1","52.979999999998","69.0699999999984","48.1733333333353","62.2005555555602","10.01","2.37777777777781","39.1800000000008","1.35","stein"
