"ncohort","utype","rtype","bd.sel","od.sel","bd.pts","od.pts","earlystop","overdose","poorall","ov.sel","design"
"12","1","1","53.309999999998","66.4999999999971","31.0474999999972","42.9833333333308","7.25","6.81416666666678","52.5599999999981","0.77","tepi"
"18","1","1","53.5299999999979","67.6699999999977","28.8127777777753","40.5277777777769","8.24","7.53944444444463","58.039999999997","0.53","tepi"
"12","2","1","48.3999999999989","72.2","33.2008333333305","57.5583333333302","7.08","6.84166666666679","49.6599999999987","2.77999999999998","tepi"
"18","2","1","49.3399999999988","73.0000000000004","31.4433333333309","58.1722222222253","7.88","7.59833333333353","54.2699999999978","1.77","tepi"
