"ncohort","utype","rtype","bd.sel","od.sel","bd.pts","od.pts","earlystop","overdose","poorall","ov.sel","design"
"12","1","1","59.1599999999968","71.0899999999995","49.4608333333304","61.4008333333303","4.19","3.60500000000001","29.9500000000019","1.01","utpi"
"18","1","1","62.4999999999961","74.090000000001","52.9416666666694","64.8833333333367","4.67","3.07944444444447","29.9300000000019","0.65","utpi"
"12","2","1","56.9399999999972","73.4400000000007","48.9274999999967","63.139166666663","3.41","3.1975","36.6300000000013","1.87","utpi"
"18","2","1","57.6099999999971","74.8300000000014","51.2155555555585","66.1850000000052","4.15","2.70777777777781","36.0800000000014","1.07","utpi"
