ncohort,utype,rtype,bd.sel,od.sel,bd.pts,od.pts,earlystop,overdose,poorall,ov.sel,design
36,1,1,7.49999999999998,24.5500000000002,8.6777777777778,22.0333333333334,1.45,0,82.4999999999975,0,boinet
36,2,1,11.75,18.7000000000001,9.44861111111113,14.2416666666667,1.5,0,81.7999999999975,0,boinet
18,1,1,6.24999999999991,20.7500000000004,5.36166666666669,15.0694444444449,0.76,0,83.5900000000059,0,boinet
18,2,1,8.99999999999985,15.1799999999997,5.5644444444445,8.75611111111124,0.85,0,82.0500000000051,0,boinet
