ncohort,utype,rtype,bd.sel,od.sel,bd.pts,od.pts,earlystop,overdose,poorall,ov.sel,design
36,1,1,12.05,30.5500000000003,14.5888888888889,27.9055555555556,0.65,0,72.349999999998,0,ji3
36,2,1,15.7500000000001,24.7500000000002,15.2861111111111,20.6791666666667,0.85,0,70.1499999999982,0,ji3
18,1,1,7.67999999999988,23.2500000000008,7.01888888888893,16.9894444444449,0.48,0,78.1400000000031,0,ji3
18,2,1,11.6499999999998,18.5900000000001,7.45166666666673,10.6700000000004,0.25,0,76.3600000000022,0,ji3
