ncohort,utype,rtype,bd.sel,od.sel,bd.pts,od.pts,earlystop,overdose,poorall,ov.sel,design
36,1,1,7.29999999999998,23.6500000000002,7.31944444444446,18.8347222222223,1.1,0,83.4499999999974,0,printe
36,2,1,12.05,18.4500000000001,7.12916666666668,10.7527777777778,0.8,0,83.3999999999974,0,printe
18,1,1,2.72999999999999,15.3999999999997,1.83277777777778,9.2266666666668,0.83,0,92.9000000000106,0,printe
18,2,1,5.52999999999993,10.0299999999998,1.98333333333333,3.75,0.62,0,92.2900000000103,0,printe
