ncohort,utype,rtype,bd.sel,od.sel,bd.pts,od.pts,earlystop,overdose,poorall,ov.sel,design
36,1,1,3.2,17.8500000000001,2.55,12.4694444444444,5.25,0,93.0499999999969,0,stein
36,2,1,5.39999999999999,11.15,2.58194444444445,5.38055555555557,4.6,0,93.1499999999969,0,stein
18,1,1,1.46,11.8599999999998,0.952777777777774,7.1644444444445,1.82,0,96.1100000000123,0,stein
18,2,1,2.97999999999998,6.05999999999992,1.06388888888888,2.365,1.81,0,95.630000000012,0,stein
