"ncohort","utype","rtype","bd.sel","od.sel","bd.pts","od.pts","earlystop","overdose","poorall","ov.sel","design"
"12","1","1","42.96","59.3499999999968","30.0358333333321","43.6533333333326","12.76","2.09833333333329","42.2800000000002","0.76","boin12"
"18","1","1","46.5099999999993","63.039999999996","33.9199999999984","48.0244444444443","14.34","2.14888888888894","39.8500000000006","0.820000000000001","boin12"
"12","2","1","45.1899999999996","60.4299999999965","30.4099999999988","41.2083333333323","11.92","3.00333333333334","39.7800000000007","1.61","boin12"
"18","2","1","46.4999999999993","63.039999999996","34.073333333332","45.7255555555553","13.26","2.80500000000008","37.830000000001","1.19","boin12"
