"ncohort","utype","rtype","bd.sel","od.sel","bd.pts","od.pts","earlystop","overdose","poorall","ov.sel","design"
"12","1","1","43.04","58.6599999999969","32.885833333332","46.5983333333323","6.59","1.60999999999999","49.6599999999987","0.47","boinet"
"18","1","1","45.5899999999995","61.4799999999963","36.5333333333331","51.1861111111124","8.14","1.40222222222222","47.3199999999992","0.22","boinet"
"12","2","1","42.2700000000002","54.3199999999978","30.5849999999986","39.8941666666655","6.5","1.74749999999999","52.6199999999981","0.76","boinet"
"18","2","1","43.8199999999999","55.7499999999975","34.0833333333331","43.9255555555562","7.35","1.31777777777777","50.6099999999985","0.42","boinet"
