"ncohort","utype","rtype","bd.sel","od.sel","bd.pts","od.pts","earlystop","overdose","poorall","ov.sel","design"
"12","1","1","43.7899999999999","60.0099999999966","34.2408333333317","48.500833333332","6.45","2.39749999999999","49.1499999999988","0.51","ji3"
"18","1","1","46.1399999999994","62.6799999999961","38.1905555555554","53.4900000000016","7.57","1.97055555555557","47.2499999999992","0.25","ji3"
"12","2","1","43.6299999999999","56.1599999999974","32.9083333333319","43.1149999999989","6.64","2.52666666666666","50.9299999999984","1.07","ji3"
"18","2","1","44.9399999999996","58.6099999999969","35.9655555555552","47.4650000000009","7.02","2.09944444444446","49.6099999999987","0.56","ji3"
