"ncohort","utype","rtype","bd.sel","od.sel","bd.pts","od.pts","earlystop","overdose","poorall","ov.sel","design"
"12","1","1","43.5599999999999","59.2099999999968","32.3233333333322","46.1108333333324","6.61","1.45833333333333","48.7099999999989","0.48","utpi"
"18","1","1","46.0199999999994","61.7899999999963","36.3916666666663","50.7861111111121","7.72","1.41166666666667","47.6699999999991","0.27","utpi"
"12","2","1","43.02","54.5099999999977","31.5608333333321","40.3266666666656","5.69","1.61666666666666","51.1099999999984","0.870000000000001","utpi"
"18","2","1","45.4099999999995","57.4699999999971","35.472222222222","45.4077777777785","6.9","1.44666666666666","49.9999999999986","0.55","utpi"
