"ncohort","utype","rtype","bd.sel","od.sel","bd.pts","od.pts","earlystop","overdose","poorall","ov.sel","design"
"12","1","1","61.4199999999963","71.3199999999996","54.4133333333311","64.8916666666636","3.57","3.77583333333333","29.8000000000019","0.54","boinet"
"18","1","1","62.6799999999961","72.4600000000002","57.1394444444468","66.9944444444473","4.85","3.10500000000005","29.8500000000019","0.41","boinet"
"12","2","1","60.6999999999965","71.3899999999996","52.1474999999981","63.0608333333302","3.78","3.89083333333333","32.3800000000021","1.52","boinet"
"18","2","1","62.5299999999961","74.2800000000011","54.6355555555577","66.2022222222262","4.83","3.04444444444449","32.3700000000021","0.910000000000001","boinet"
