"ncohort","utype","rtype","bd.sel","od.sel","bd.pts","od.pts","earlystop","overdose","poorall","ov.sel","design"
"12","1","1","64.7699999999962","74.8900000000014","51.9449999999999","62.534166666666","4.43","4.15166666666673","22.7500000000008","0.980000000000001","boin12"
"18","1","1","67.2999999999975","77.1600000000026","54.2700000000003","64.7050000000009","6.3","3.15722222222232","23.1000000000008","0.61","boin12"
"12","2","1","64.4499999999961","77.4800000000027","50.7358333333337","62.3541666666662","4.08","5.0725000000001","23.1700000000008","2.11","boin12"
"18","2","1","65.7999999999968","78.070000000003","53.4616666666666","64.434444444446","5.5","3.90555555555567","23.6300000000009","1.5","boin12"
