"ncohort","utype","rtype","bd.sel","od.sel","bd.pts","od.pts","earlystop","overdose","poorall","ov.sel","design"
"12","1","1","64.4699999999961","73.9000000000009","55.1049999999982","65.210833333331","3.8","3.5575","26.7700000000014","0.7","utpi"
"18","1","1","66.6599999999972","76.2000000000021","58.0188888888912","68.0522222222248","4.91","2.70944444444447","28.4000000000016","0.4","utpi"
"12","2","1","63.409999999996","73.3300000000006","53.4691666666644","63.3533333333302","3.39","3.42916666666666","31.9200000000022","1.12","utpi"
"18","2","1","64.4999999999961","74.6600000000013","56.2766666666689","66.493333333337","4.45","2.81777777777783","32.1200000000022","0.67","utpi"
