"ncohort","utype","rtype","bd.sel","od.sel","bd.pts","od.pts","earlystop","overdose","poorall","ov.sel","design"
"12","1","1","61.7999999999963","71.1899999999995","50.5758333333311","61.2391666666636","3.04","4.82416666666669","34.0700000000018","0.53","ji3"
"18","1","1","64.0399999999959","73.3800000000006","53.9927777777799","64.708888888892","4","3.89111111111115","33.5000000000019","0.35","ji3"
"12","2","1","61.1999999999964","72.5200000000002","48.8091666666645","61.3091666666636","2.86","4.85000000000004","35.9300000000014","1.52","ji3"
"18","2","1","62.6899999999961","74.3900000000012","51.6105555555572","64.4311111111151","3.61","3.88000000000004","35.3900000000015","1.06","ji3"
