"ncohort","utype","rtype","bd.sel","od.sel","bd.pts","od.pts","earlystop","overdose","poorall","ov.sel","design"
"12","1","1","62.5499999999961","71.3599999999996","50.6233333333313","60.1816666666641","5.16","3.30583333333332","34.6300000000017","0.47","printe"
"18","1","1","64.279999999996","73.1200000000005","53.8461111111128","63.7738888888914","6.13","2.85833333333335","33.090000000002","0.28","printe"
"12","2","1","60.7699999999965","71.7299999999998","48.5958333333315","59.3416666666644","4.55","3.33666666666666","36.1500000000014","1.59","printe"
"18","2","1","61.4699999999963","72.8300000000004","51.3972222222236","62.9372222222257","5.84","2.90555555555558","35.3600000000015","1.08","printe"
