"ncohort","utype","rtype","bd.sel","od.sel","bd.pts","od.pts","earlystop","overdose","poorall","ov.sel","design"
"12","1","1","62.4499999999961","71.5599999999997","53.2566666666649","62.6799999999977","5.84","2.66416666666666","29.5500000000018","0.51","stein"
"18","1","1","65.3999999999966","73.9900000000009","57.4994444444468","66.685555555558","7.88","2.15055555555557","27.6800000000015","0.26","stein"
"12","2","1","61.3399999999964","71.0099999999994","51.066666666665","59.9424999999978","5.29","2.62666666666666","31.9400000000022","1.41","stein"
"18","2","1","62.3399999999962","71.8399999999998","53.6216666666681","62.4272222222251","7.16","2.07333333333334","32.0900000000022","0.840000000000001","stein"
