"ncohort","utype","rtype","bd.sel","od.sel","bd.pts","od.pts","earlystop","overdose","poorall","ov.sel","design"
"12","1","1","62.3399999999962","71.7599999999998","40.2308333333312","52.5408333333309","4.61","7.86583333333352","47.3899999999991","0.55","tepi"
"18","1","1","64.289999999996","73.5100000000007","42.3088888888877","55.2855555555559","5.5","6.51055555555569","46.8099999999993","0.45","tepi"
"12","2","1","61.9199999999963","73.7200000000008","41.1008333333313","59.2258333333307","4.05","7.67916666666686","45.5099999999995","1.71","tepi"
"18","2","1","62.7699999999961","74.2900000000011","44.1527777777767","63.2688888888915","5.06","6.60166666666683","43.9399999999998","1.02","tepi"
