ncohort,utype,rtype,bd.sel,od.sel,bd.pts,od.pts,earlystop,overdose,poorall,ov.sel,design
36,1,1,17.6500000000001,39.1499999999999,14.0916666666667,32.6750000000001,1.35,0.855555555555554,72.549999999998,0.05,boinet
36,2,1,20.7500000000002,33.1500000000003,14.2777777777778,23.8513888888889,1.75,1.19583333333333,72.299999999998,0.4,boinet
18,1,1,14.2899999999997,32.900000000002,8.87000000000021,22.737222222222,1.03,1.07,74.5500000000012,0.29,boinet
18,2,1,15.8199999999997,26.7600000000014,8.50500000000022,15.0094444444449,0.97,1.26722222222222,74.5800000000012,0.46,boinet
