ncohort,utype,rtype,bd.sel,od.sel,bd.pts,od.pts,earlystop,overdose,poorall,ov.sel,design
36,1,1,19.9500000000001,44.0499999999996,11.9347222222223,28.2500000000001,2.2,0.733333333333332,69.6499999999982,0.25,boin12
36,2,1,27.9000000000003,44.2499999999996,14.1083333333334,23.6875000000001,1.65,1.46944444444444,63.0499999999986,0.5,boin12
18,1,1,14.0299999999997,33.5000000000019,8.2877777777781,21.667222222222,0.98,0.968888888888876,68.9099999999983,0.27,boin12
18,2,1,21.8100000000006,36.2200000000014,10.8466666666674,18.5744444444448,0.74,1.76166666666669,57.3899999999972,1.03,boin12
