"ncohort","utype","rtype","bd.sel","od.sel","bd.pts","od.pts","earlystop","overdose","poorall","ov.sel","design"
"12","1","1","49.2599999999988","65.0199999999964","35.5758333333317","49.7958333333324","5.37","3.91833333333338","35.5200000000015","1.09","boin12"
"18","1","1","52.2099999999982","68.3599999999981","39.6872222222206","54.013333333333","6.09","3.35555555555567","32.5200000000021","0.950000000000001","boin12"
"12","2","1","49.0199999999988","67.4799999999976","35.1999999999988","48.9424999999996","4.2","5.44250000000014","33.120000000002","3.03999999999998","boin12"
"18","2","1","51.6899999999983","70.0299999999989","39.1555555555539","53.0777777777776","6.05","4.49500000000014","32.4300000000021","2.18","boin12"
