"ncohort","utype","rtype","bd.sel","od.sel","bd.pts","od.pts","earlystop","overdose","poorall","ov.sel","design"
"12","1","1","43.8299999999998","58.7799999999969","34.0341666666655","47.2674999999988","6.63","1.62749999999999","48.9299999999988","0.44","printe"
"18","1","1","45.7499999999995","60.5999999999965","37.8322222222221","51.2694444444457","7.81","1.62888888888888","47.2899999999992","0.37","printe"
"12","2","1","43.09","55.5399999999975","31.6908333333322","41.0766666666659","6.42","1.88249999999999","51.5999999999983","1.2","printe"
"18","2","1","45.8399999999994","58.7899999999969","35.8549999999999","46.3283333333342","7.42","1.70944444444444","49.1899999999988","0.840000000000001","printe"
