"ncohort","utype","rtype","bd.sel","od.sel","bd.pts","od.pts","earlystop","overdose","poorall","ov.sel","design"
"12","1","1","45.7999999999995","61.8399999999963","36.3441666666652","50.6999999999984","3.46","3.085","41.5000000000003","0.7","utpi"
"18","1","1","50.0499999999986","65.1799999999964","40.962777777778","55.1777777777795","4.51","2.53944444444447","41.2800000000004","0.52","utpi"
"12","2","1","44.6899999999997","58.4399999999969","34.3408333333317","45.7224999999987","3.23","2.905","48.4399999999989","1.13","utpi"
"18","2","1","48.319999999999","62.3699999999962","38.832777777778","51.0233333333348","4.06","2.70500000000003","47.0399999999992","0.920000000000001","utpi"
