ncohort,utype,rtype,bd.sel,od.sel,bd.pts,od.pts,earlystop,overdose,poorall,ov.sel,design
36,1,1,55.299999999999,70.6499999999981,49.190277777778,66.8763888888879,4.35,3.61388888888891,44.8499999999996,0.2,boinet
36,2,1,47.9499999999994,80.3499999999976,50.2916666666667,85.7499999999974,3.6,3.44583333333335,43.3499999999997,0.7,boinet
18,1,1,55.8399999999975,71.8599999999999,51.8311111111101,72.2594444444434,2.61,4.83333333333338,36.9700000000012,0.74,boinet
18,2,1,48.7599999999989,78.8600000000034,52.6711111111099,86.3188888888948,2.8,4.56500000000005,36.4900000000013,2.02,boinet
