ncohort,utype,rtype,bd.sel,od.sel,bd.pts,od.pts,earlystop,overdose,poorall,ov.sel,design
36,1,1,54.599999999999,70.0999999999982,46.4722222222223,66.0152777777769,3.05,4.97638888888892,45.6499999999995,0.45,ji3
36,2,1,47.7999999999994,79.0999999999976,48.725,84.593055555553,3,4.95555555555559,43.7499999999997,0.7,ji3
18,1,1,55.1999999999976,70.6399999999992,50.3294444444431,71.2838888888876,2.17,5.99777777777785,37.6100000000011,0.66,ji3
18,2,1,47.2299999999992,78.6200000000033,50.6783333333322,86.407777777784,2.39,5.77055555555564,37.810000000001,2.22,ji3
