ncohort,utype,rtype,bd.sel,od.sel,bd.pts,od.pts,earlystop,overdose,poorall,ov.sel,design
36,1,1,59.6499999999987,76.3499999999978,55.7694444444442,74.8055555555542,2.85,2.66805555555556,33.2500000000002,0.2,utpi
36,2,1,50.8999999999992,81.1999999999975,53.3208333333332,84.4708333333309,2.9,2.6013888888889,39.3999999999999,0.6,utpi
18,1,1,56.7199999999973,71.8199999999998,54.1094444444429,73.3116666666662,2.6,4.05944444444446,32.0500000000022,0.860000000000001,utpi
18,2,1,50.1999999999986,80.2500000000041,54.5033333333318,87.0583333333397,2.16,3.97777777777781,33.130000000002,1.9,utpi
18,1,1,56.7199999999973,71.8199999999998,54.1094444444429,73.3116666666662,2.6,4.05944444444446,32.0500000000022,0.860000000000001,utpi
18,2,1,50.1999999999986,80.2500000000041,54.5033333333318,87.0583333333397,2.16,3.97777777777781,33.130000000002,1.9,utpi
