"ncohort","utype","rtype","bd.sel","od.sel","bd.pts","od.pts","earlystop","overdose","poorall","ov.sel","design"
"12","1","1","20.5300000000004","36.9400000000012","19.6474999999994","32.2658333333325","0.57","0","65.0399999999964","0","boinet"
"18","1","1","23.5600000000009","40.5300000000005","25.2683333333332","38.8216666666665","0.66","0","59.5199999999967","0","boinet"
"12","2","1","28.0400000000016","35.4100000000015","20.0849999999995","25.3333333333328","0.46","0","63.4699999999959","0","boinet"
"18","2","1","32.3000000000021","40.1100000000006","25.304444444444","31.3911111111105","0.55","0","58.9699999999968","0","boinet"
