"ncohort","utype","rtype","bd.sel","od.sel","bd.pts","od.pts","earlystop","overdose","poorall","ov.sel","design"
"12","1","1","18.8300000000001","34.7000000000017","12.9066666666663","24.8024999999989","0.61","0","77.5700000000028","0","boin12"
"18","1","1","22.8900000000008","40.0800000000006","15.2988888888895","28.4177777777767","0.96","0","73.8200000000009","0","boin12"
"12","2","1","30.0400000000019","37.4800000000011","16.6749999999992","21.6033333333321","0.4","0","72.7300000000003","0","boin12"
"18","2","1","35.5200000000015","43.4499999999999","19.5049999999998","25.17611111111","0.84","0","65.9699999999968","0","boin12"
