"ncohort","utype","rtype","bd.sel","od.sel","bd.pts","od.pts","earlystop","overdose","poorall","ov.sel","design"
"12","1","1","25.0100000000011","41.3200000000003","26.880833333333","38.6566666666669","0.53","0","50.0699999999986","0","ji3"
"18","1","1","28.1300000000016","44.5199999999997","33.6138888888893","45.3377777777776","0.52","0","45.8599999999994","0","ji3"
"12","2","1","34.8700000000016","41.9200000000002","28.6333333333329","33.0799999999999","0.34","0","46.9999999999992","0","ji3"
"18","2","1","36.5000000000013","43.6999999999999","34.4833333333334","39.5911111111108","0.32","0","43.8999999999998","0","ji3"
