"ncohort","utype","rtype","bd.sel","od.sel","bd.pts","od.pts","earlystop","overdose","poorall","ov.sel","design"
"12","1","1","21.5700000000006","38.020000000001","21.6174999999996","33.5991666666662","0.52","0","60.7699999999965","0","printe"
"18","1","1","24.9800000000011","41.3000000000004","27.6827777777779","39.6794444444442","0.67","0","55.0699999999976","0","printe"
"12","2","1","30.700000000002","37.4500000000011","22.9916666666662","27.3916666666662","0.36","0","58.309999999997","0","printe"
"18","2","1","33.6300000000019","40.8300000000004","28.6911111111112","33.9011111111109","0.4","0","52.6399999999981","0","printe"
