"ncohort","utype","rtype","bd.sel","od.sel","bd.pts","od.pts","earlystop","overdose","poorall","ov.sel","design"
"12","1","1","19.4400000000002","35.9000000000014","16.788333333333","29.7274999999992","0.56","0","70.4399999999991","0","stein"
"18","1","1","22.0700000000007","39.0000000000008","20.373888888889","34.0522222222219","1.02","0","65.7099999999967","0","stein"
"12","2","1","25.3000000000012","32.1400000000022","16.3366666666663","21.0241666666661","0.37","0","71.1699999999995","0","stein"
"18","2","1","28.2700000000016","35.7800000000015","18.337777777778","23.9327777777775","0.74","0","67.3199999999975","0","stein"
