ncohort,utype,rtype,bd.sel,od.sel,bd.pts,od.pts,earlystop,overdose,poorall,ov.sel,design
36,1,1,19.8000000000001,41.2499999999998,15.7041666666666,33.2916666666667,0.85,1.48888888888889,69.2999999999982,0.15,ji3
36,2,1,19.8500000000001,34.8500000000002,14.3583333333333,24.8875,0.9,1.71944444444444,69.9499999999982,0.25,ji3
18,1,1,15.4799999999997,35.3700000000015,9.62722222222255,23.9094444444442,0.39,1.38666666666666,72.13,0.28,ji3
18,2,1,16.8199999999998,29.0600000000017,9.10222222222253,16.2316666666672,0.45,1.80111111111111,72.5400000000002,0.7,ji3
