ncohort,utype,rtype,bd.sel,od.sel,bd.pts,od.pts,earlystop,overdose,poorall,ov.sel,design
36,1,1,16.5500000000001,36.4500000000001,11.2430555555556,26.7027777777778,2.2,0.737499999999999,75.3999999999979,0.15,printe
36,2,1,16.7500000000001,28.4500000000003,9.65416666666669,17.2180555555556,1.45,0.618055555555555,77.3999999999977,0.2,printe
18,1,1,10.1399999999998,28.0900000000016,5.36000000000007,17.1177777777781,0.82,0.313333333333333,81.860000000005,0.15,printe
18,2,1,12.4299999999998,21.4300000000006,5.31666666666674,9.6155555555558,0.81,0.457777777777776,81.6800000000049,0.44,printe
