ncohort,utype,rtype,bd.sel,od.sel,bd.pts,od.pts,earlystop,overdose,poorall,ov.sel,design
36,1,1,12,29.1000000000003,7.08888888888892,19.8388888888889,4.65,0.216666666666667,83.0499999999974,0.05,stein
36,2,1,12.65,22.4500000000002,7.0041666666667,12.9708333333333,4.45,0.290277777777778,83.0499999999974,0.1,stein
18,1,1,7.36999999999989,22.3400000000007,3.81111111111113,13.6516666666669,2.24,0.182222222222222,87.3400000000078,0.08,stein
18,2,1,8.84999999999986,15.5999999999997,3.83222222222225,7.22555555555564,2.05,0.257777777777778,86.6900000000074,0.24,stein
