ncohort,utype,rtype,bd.sel,od.sel,bd.pts,od.pts,earlystop,overdose,poorall,ov.sel,design
36,1,1,25.9500000000002,52.7499999999991,19.0805555555556,39.9444444444446,1.7,2.425,59.6999999999987,0.3,tepi
36,2,1,28.4500000000003,47.1999999999995,19.1958333333334,35.4208333333335,1.3,3.08055555555557,59.8499999999987,0.55,tepi
18,1,1,19.6500000000003,42.0200000000002,11.332222222223,26.7416666666662,0.72,1.77388888888889,60.3399999999966,0.41,tepi
18,2,1,22.5900000000007,37.6300000000011,11.8427777777786,21.1133333333334,0.8,2.12777777777779,58.5799999999969,1.04,tepi
