ncohort,utype,rtype,bd.sel,od.sel,bd.pts,od.pts,earlystop,overdose,poorall,ov.sel,design
36,1,1,17.7000000000001,39.1499999999999,13.0833333333334,29.9680555555556,1.65,0.906944444444443,72.999999999998,0.25,utpi
36,2,1,18.2500000000001,31.0000000000003,12.5111111111111,21.6694444444444,1.3,1.10694444444444,75.4499999999979,0.25,utpi
18,1,1,14.1599999999997,32.5700000000021,8.81833333333362,21.916111111111,0.49,0.987777777777768,70.5299999999992,0.24,utpi
18,2,1,15.3399999999997,25.2200000000011,8.2861111111113,14.0622222222226,0.56,1.14722222222222,74.3400000000011,0.54,utpi
18,1,1,14.1599999999997,32.5700000000021,8.81833333333362,21.916111111111,0.49,0.987777777777768,70.5299999999992,0.24,utpi
18,2,1,15.3399999999997,25.2200000000011,8.2861111111113,14.0622222222226,0.56,1.14722222222222,74.3400000000011,0.54,utpi
