"ncohort","utype","rtype","bd.sel","od.sel","bd.pts","od.pts","earlystop","overdose","poorall","ov.sel","design"
"12","1","1","33.000000000002","48.7799999999989","25.9191666666662","39.4883333333328","4.2","1.08166666666667","58.5699999999969","0.3","boinet"
"18","1","1","35.9800000000014","51.2599999999984","30.408888888888","44.1272222222222","6.06","0.887222222222215","55.8599999999975","0.11","boinet"
"12","2","1","31.9800000000022","41.2000000000004","23.0524999999996","30.3166666666662","3.84","1.00083333333334","63.109999999996","0.33","boinet"
"18","2","1","35.6400000000015","44.7699999999997","27.5694444444437","35.2616666666662","5.57","0.868333333333326","59.8299999999967","0.34","boinet"
