"ncohort","utype","rtype","bd.sel","od.sel","bd.pts","od.pts","earlystop","overdose","poorall","ov.sel","design"
"12","1","1","40.7900000000005","55.9899999999974","27.5333333333321","40.0258333333326","6.39","2.03499999999996","46.3899999999993","0.7","boin12"
"18","1","1","45.3099999999996","60.7999999999965","31.4455555555545","44.9899999999993","9.09","1.88222222222226","42.3900000000001","0.43","boin12"
"12","2","1","45.6899999999995","58.209999999997","28.7283333333319","37.9616666666657","5.57","2.73916666666666","42.0900000000002","1.52","boin12"
"18","2","1","49.3099999999988","61.7299999999963","33.3194444444434","43.0633333333323","7.39","2.35055555555561","38.9700000000008","1.09","boin12"
