"ncohort","utype","rtype","bd.sel","od.sel","bd.pts","od.pts","earlystop","overdose","poorall","ov.sel","design"
"12","1","1","30.2400000000019","44.0599999999998","20.2133333333331","31.7708333333327","7.57","0.590833333333334","65.2999999999965","0.21","printe"
"18","1","1","32.4200000000021","47.4199999999991","24.9094444444441","38.106111111111","9.43","0.510555555555554","61.3699999999964","0.15","printe"
"12","2","1","29.4000000000018","38.200000000001","17.9491666666665","24.3049999999996","7.16","0.545000000000001","68.7899999999983","0.41","printe"
"18","2","1","32.6800000000021","41.5200000000003","22.6788888888887","29.6661111111109","8.33","0.49111111111111","64.6599999999962","0.27","printe"
