"ncohort","utype","rtype","bd.sel","od.sel","bd.pts","od.pts","earlystop","overdose","poorall","ov.sel","design"
"12","1","1","26.5400000000013","40.5100000000005","18.0366666666665","29.8608333333327","15.57","0.438333333333334","69.7199999999988","0.19","stein"
"18","1","1","28.2500000000016","42.5400000000001","21.7366666666664","34.191111111111","17.84","0.352222222222222","67.2899999999975","0.09","stein"
"12","2","1","25.0900000000011","33.040000000002","15.615","21.5008333333331","14.52","0.366666666666667","73.7400000000008","0.28","stein"
"18","2","1","27.3100000000015","35.3100000000015","19.1927777777777","25.5316666666665","16.6","0.347222222222222","70.9599999999994","0.15","stein"
