"ncohort","utype","rtype","bd.sel","od.sel","bd.pts","od.pts","earlystop","overdose","poorall","ov.sel","design"
"12","1","1","53.179999999998","70.5499999999992","42.7541666666639","59.7166666666642","2.17","5.12583333333339","38.6900000000009","1.07","boinet"
"18","1","1","55.2499999999976","72.5200000000002","45.1916666666673","62.2594444444461","2.52","4.2000000000001","38.5100000000009","0.53","boinet"
"12","2","1","51.9399999999982","70.9099999999994","42.3766666666642","59.6391666666645","1.88","5.21666666666673","38.030000000001","2.09","boinet"
"18","2","1","52.7299999999981","72.6400000000003","44.145","62.3594444444473","2.75","4.29500000000011","38.9300000000008","1.41","boinet"
