"ncohort","utype","rtype","bd.sel","od.sel","bd.pts","od.pts","earlystop","overdose","poorall","ov.sel","design"
"12","1","1","50.3699999999985","68.159999999998","40.5683333333298","58.1916666666634","2.75","6.45583333333346","46.1699999999994","1.04","ji3"
"18","1","1","53.009999999998","71.3899999999996","41.3411111111109","59.0488888888907","3.24","5.85000000000016","47.3799999999991","0.54","ji3"
"12","2","1","48.149999999999","69.1199999999985","40.3608333333301","59.5833333333304","2.62","6.52333333333346","46.0699999999994","2.07","ji3"
"18","2","1","49.4799999999987","70.239999999999","40.732222222222","60.7650000000039","3.37","5.99888888888904","47.4699999999991","1.28","ji3"
