"ncohort","utype","rtype","bd.sel","od.sel","bd.pts","od.pts","earlystop","overdose","poorall","ov.sel","design"
"12","1","1","21.7400000000006","37.4100000000011","20.4849999999996","32.5441666666661","1.31","0","63.099999999996","0","printe"
"18","1","1","24.620000000001","40.7300000000005","26.1400000000001","38.4811111111109","1.99","0","57.2599999999972","0","printe"
"12","2","1","30.430000000002","37.4600000000011","20.4799999999996","25.1458333333329","0.99","0","62.7199999999961","0","printe"
"18","2","1","33.9600000000018","41.2100000000004","25.4705555555556","30.8577777777777","1.39","0","57.3899999999972","0","printe"
