"ncohort","utype","rtype","bd.sel","od.sel","bd.pts","od.pts","earlystop","overdose","poorall","ov.sel","design"
"12","1","1","19.4800000000002","34.7400000000017","16.7324999999996","29.1324999999993","2.44","0","70.6499999999992","0","stein"
"18","1","1","21.4600000000006","37.7000000000011","19.9244444444445","33.1855555555553","4.1","0","66.8799999999973","0","stein"
"12","2","1","25.4800000000012","32.6900000000021","15.8099999999996","20.6841666666662","1.79","0","72.4400000000002","0","stein"
"18","2","1","27.2700000000015","35.1700000000016","17.8894444444445","23.6638888888885","3.15","0","69.5299999999987","0","stein"
