"ncohort","utype","rtype","bd.sel","od.sel","bd.pts","od.pts","earlystop","overdose","poorall","ov.sel","design"
"12","1","1","15.8299999999997","31.6500000000021","19.5033333333328","29.8599999999991","3.88","0","62.8199999999961","0","tepi"
"18","1","1","23.4100000000009","40.0400000000006","30.228333333333","40.2988888888888","4.8","0","46.5999999999993","0","tepi"
"12","2","1","26.9400000000014","34.1800000000018","20.1766666666663","24.7499999999993","2.78","0","61.5299999999963","0","tepi"
"18","2","1","36.2500000000014","44.4699999999997","31.858333333333","36.9349999999995","3.57","0","43.5499999999999","0","tepi"
