"ncohort","utype","rtype","bd.sel","od.sel","bd.pts","od.pts","earlystop","overdose","poorall","ov.sel","design"
"12","1","1","21.6400000000006","36.2900000000013","20.6924999999994","32.2208333333328","3.5","0","63.9199999999959","0","boinet"
"18","1","1","24.9000000000011","40.3800000000005","24.871111111111","37.9099999999996","4.72","0","61.3099999999964","0","boinet"
"12","2","1","25.0700000000011","31.9100000000022","18.3008333333329","23.2466666666662","3.09","0","67.7499999999978","0","boinet"
"18","2","1","28.8500000000017","35.9100000000014","22.7244444444444","28.247222222222","4.2","0","64.0299999999959","0","boinet"
