"ncohort","utype","rtype","bd.sel","od.sel","bd.pts","od.pts","earlystop","overdose","poorall","ov.sel","design"
"12","1","1","23.3800000000009","38.4000000000009","22.9849999999996","34.5774999999999","2.43","0","57.989999999997","0","ji3"
"18","1","1","27.5200000000015","43.08","29.2294444444449","41.6116666666663","3.82","0","53.8899999999978","0","ji3"
"12","2","1","28.7900000000017","35.8100000000014","21.7066666666663","26.610833333333","2.02","0","60.3299999999966","0","ji3"
"18","2","1","32.6900000000021","40.0100000000006","26.7561111111114","32.2983333333335","3.47","0","57.3999999999971","0","ji3"
