"ncohort","utype","rtype","bd.sel","od.sel","bd.pts","od.pts","earlystop","overdose","poorall","ov.sel","design"
"12","1","1","13.7799999999998","27.5500000000015","10.2925","20.7799999999996","14.93","0","80.7900000000044","0","stein"
"18","1","1","15.5699999999997","30.3400000000019","13.008888888889","24.9477777777775","18.99","0","78.4000000000032","0","stein"
"12","2","1","16.9399999999998","22.9000000000008","9.39750000000002","13.2666666666666","13.31","0","82.3300000000052","0","stein"
"18","2","1","19.3800000000002","25.5200000000012","12.3616666666669","16.8977777777779","16.4","0","78.9400000000035","0","stein"
