"ncohort","utype","rtype","bd.sel","od.sel","bd.pts","od.pts","earlystop","overdose","poorall","ov.sel","design"
"12","1","1","24.130000000001","40.2400000000006","30.9433333333323","39.9075000000002","7.92","0","41.0700000000004","0","tepi"
"18","1","1","27.7900000000015","43.9599999999998","42.1483333333327","50.1716666666661","9.65","0","33.3200000000019","0","tepi"
"12","2","1","35.4300000000015","42.95","31.5874999999988","35.8683333333328","7.25","0","40.1300000000006","0","tepi"
"18","2","1","39.6600000000007","47.6699999999991","42.4655555555549","47.0772222222216","8.28","0","32.910000000002","0","tepi"
