"ncohort","utype","rtype","bd.sel","od.sel","bd.pts","od.pts","earlystop","overdose","poorall","ov.sel","design"
"12","1","1","55.3599999999976","70.0399999999989","43.148333333332","57.4774999999992","1.51","4.46833333333343","23.3400000000008","1.74","boin12"
"18","1","1","59.1599999999968","73.0900000000005","46.750555555555","60.9716666666671","2.25","3.76555555555566","21.7400000000006","1.21","boin12"
"12","2","1","51.1099999999984","74.7800000000014","41.1224999999987","60.4174999999993","1.69","6.3275000000002","25.4200000000012","4.17999999999996","boin12"
"18","2","1","52.0499999999982","76.4700000000022","44.2516666666659","63.7477777777795","2","5.50555555555577","23.7900000000009","3.54999999999997","boin12"
