"ncohort","utype","rtype","bd.sel","od.sel","bd.pts","od.pts","earlystop","overdose","poorall","ov.sel","design"
"12","1","1","56.4299999999973","69.6699999999987","44.929999999997","58.2416666666641","1.42","4.95000000000007","34.6800000000017","1.01","stein"
"18","1","1","59.1099999999968","72.8300000000004","48.1411111111122","61.3822222222246","1.99","4.33666666666674","30.3500000000019","0.77","stein"
"12","2","1","52.969999999998","72.5400000000002","43.210833333331","60.6458333333313","1.48","5.39083333333342","35.0200000000016","3.33999999999997","stein"
"18","2","1","53.8599999999979","73.7500000000008","45.6983333333336","63.0705555555591","2.24","4.44944444444452","31.7500000000022","2.70999999999999","stein"
