"ncohort","utype","rtype","bd.sel","od.sel","bd.pts","od.pts","earlystop","overdose","poorall","ov.sel","design"
"12","1","1","55.8499999999975","69.5799999999987","43.8724999999976","57.6958333333315","1.41","5.30166666666677","28.5100000000017","1.44","utpi"
"18","1","1","58.8599999999969","72.5500000000002","47.0522222222225","60.9577777777791","1.68","4.32944444444451","29.6500000000018","0.8","utpi"
"12","2","1","53.119999999998","72.7600000000003","43.3849999999972","61.1308333333305","1.21","5.47666666666678","38.110000000001","3.24999999999997","utpi"
"18","2","1","54.2299999999978","74.3400000000011","45.4366666666671","63.8850000000039","1.58","4.99944444444457","37.970000000001","2.36999999999999","utpi"
