"ncohort","utype","rtype","bd.sel","od.sel","bd.pts","od.pts","earlystop","overdose","poorall","ov.sel","design"
"12","1","1","23.4500000000009","39.5000000000007","25.860833333333","37.5500000000002","0.78","0","53.139999999998","0","ji3"
"18","1","1","27.3900000000015","43.9999999999998","33.0561111111115","45.3611111111107","1.45","0","48.319999999999","0","ji3"
"12","2","1","31.2400000000021","38.5500000000009","26.030833333333","30.8208333333332","0.68","0","52.6199999999981","0","ji3"
"18","2","1","35.1900000000016","42.95","31.9666666666671","37.5799999999998","1.16","0","49.3899999999987","0","ji3"
