"ncohort","utype","rtype","bd.sel","od.sel","bd.pts","od.pts","earlystop","overdose","poorall","ov.sel","design"
"12","1","1","15.0799999999997","30.500000000002","11.575","23.2224999999994","3.09","0","77.8000000000029","0","stein"
"18","1","1","18.2","34.8400000000016","15.3244444444448","28.6077777777774","5.09","0","73.1800000000005","0","stein"
"12","2","1","20.1100000000003","26.7700000000014","11.2275","15.5841666666665","2.71","0","78.6500000000033","0","stein"
"18","2","1","23.4500000000009","30.490000000002","14.486666666667","19.5077777777778","4.41","0","74.7100000000013","0","stein"
