"ncohort","utype","rtype","bd.sel","od.sel","bd.pts","od.pts","earlystop","overdose","poorall","ov.sel","design"
"12","1","1","22.9700000000008","40.5000000000005","30.3099999999989","40.0016666666667","2.05","0","42.7900000000001","0","tepi"
"18","1","1","26.9800000000014","44.6999999999997","41.8033333333327","50.7827777777771","3.12","0","33.100000000002","0","tepi"
"12","2","1","34.1500000000018","41.7800000000003","30.9899999999989","35.2524999999995","1.7","0","41.3500000000003","0","tepi"
"18","2","1","38.9800000000008","46.9099999999992","42.6149999999995","47.2205555555549","2.35","0","31.9200000000022","0","tepi"
