"ncohort","utype","rtype","bd.sel","od.sel","bd.pts","od.pts","earlystop","overdose","poorall","ov.sel","design"
"12","1","1","21.2200000000005","37.7300000000011","19.0233333333328","32.3183333333329","1.2","0","62.5199999999961","0","utpi"
"18","1","1","24.8000000000011","41.7500000000003","22.7244444444439","36.5127777777772","2.18","0","63.9299999999959","0","utpi"
"12","2","1","24.9600000000011","32.0700000000022","18.6683333333326","23.8183333333327","0.93","0","67.7199999999977","0","utpi"
"18","2","1","27.5700000000015","35.5400000000015","22.438333333333","28.4955555555549","1.63","0","66.0299999999969","0","utpi"
