"ncohort","utype","rtype","bd.sel","od.sel","bd.pts","od.pts","earlystop","overdose","poorall","ov.sel","design"
"12","1","1","19.9800000000003","34.6500000000017","14.890833333333","26.566666666666","5.18","0","73.8200000000009","0","boinet"
"18","1","1","23.4700000000009","38.6300000000009","19.7755555555555","32.5444444444443","6.78","0","68.179999999998","0","boinet"
"12","2","1","22.3500000000007","29.5300000000018","13.0224999999998","17.940833333333","4.57","0","77.2200000000026","0","boinet"
"18","2","1","24.9500000000011","31.9900000000022","17.0816666666667","22.3227777777776","5.51","0","72.6700000000003","0","boinet"
