"ncohort","utype","rtype","bd.sel","od.sel","bd.pts","od.pts","earlystop","overdose","poorall","ov.sel","design"
"12","1","1","24.7300000000011","39.4600000000007","20.2091666666664","31.9199999999996","2.98","0","61.7999999999963","0","ji3"
"18","1","1","27.6400000000015","42.1900000000002","25.4644444444447","37.6688888888889","4.58","0","57.949999999997","0","ji3"
"12","2","1","27.9200000000016","34.8200000000016","17.4291666666664","22.2666666666664","2.72","0","67.1499999999974","0","ji3"
"18","2","1","30.550000000002","38.4600000000009","21.8111111111112","27.8755555555556","4.19","0","63.5799999999959","0","ji3"
