"ncohort","utype","rtype","bd.sel","od.sel","bd.pts","od.pts","earlystop","overdose","poorall","ov.sel","design"
"12","1","1","20.8700000000005","35.4300000000015","15.9641666666664","27.1933333333328","4.52","0","71.1599999999995","0","printe"
"18","1","1","24.400000000001","38.8500000000008","20.6033333333334","32.6855555555554","6.37","0","66.1599999999969","0","printe"
"12","2","1","24.200000000001","31.1100000000021","14.1199999999998","18.6891666666663","3.62","0","74.8000000000014","0","printe"
"18","2","1","26.6500000000014","34.3600000000017","17.7727777777778","23.5227777777776","5.31","0","70.7999999999993","0","printe"
