"ncohort","utype","rtype","bd.sel","od.sel","bd.pts","od.pts","earlystop","overdose","poorall","ov.sel","design"
"12","1","1","66.9099999999973","76.6700000000023","59.1641666666627","74.1258333333322","3.06","5.5433333333335","18.03","1.44","boin12"
"18","1","1","68.1199999999979","78.5200000000033","61.8705555555603","76.0483333333355","3.38","4.4666666666668","17.0299999999999","0.960000000000001","boin12"
"12","2","1","48.4899999999989","78.9800000000035","51.4066666666628","84.8300000000043","3.51","7.04333333333356","24.7000000000011","4.20999999999995","boin12"
"18","2","1","49.4499999999987","80.3600000000042","52.7688888888907","84.9833333333385","3.74","5.89833333333355","24.080000000001","3.18999999999998","boin12"
