"ncohort","utype","rtype","bd.sel","od.sel","bd.pts","od.pts","earlystop","overdose","poorall","ov.sel","design"
"12","1","1","68.8999999999983","77.0500000000025","58.2966666666619","72.3808333333313","3.23","6.13750000000009","34.9000000000016","1.2","boinet"
"18","1","1","68.159999999998","76.6500000000023","56.3022222222216","69.9049999999985","4.33","5.50833333333345","36.9200000000012","0.69","boinet"
"12","2","1","56.4399999999973","80.6400000000043","59.1433333333285","87.1316666666726","3.58","6.1725000000001","34.4900000000017","3.58999999999997","boinet"
"18","2","1","56.6299999999973","80.7600000000044","57.7144444444437","85.43944444445","4.84","5.18500000000011","36.0200000000014","2.37999999999999","boinet"
