"ncohort","utype","rtype","bd.sel","od.sel","bd.pts","od.pts","earlystop","overdose","poorall","ov.sel","design"
"12","1","1","65.5899999999966","74.3100000000011","52.9983333333295","70.2908333333307","2.86","9.26583333333334","40.2900000000006","1.38","ji3"
"18","1","1","66.8899999999973","75.4500000000017","51.4611111111104","67.3677777777755","3.14","8.24722222222238","41.3900000000003","0.860000000000001","ji3"
"12","2","1","52.6099999999981","77.6800000000028","53.6683333333292","85.7016666666718","3.48","9.0158333333334","39.8900000000006","3.76999999999996","ji3"
"18","2","1","54.2199999999978","79.5200000000038","53.0305555555549","84.8450000000052","3.65","8.00944444444459","40.0700000000006","2.80999999999998","ji3"
