"ncohort","utype","rtype","bd.sel","od.sel","bd.pts","od.pts","earlystop","overdose","poorall","ov.sel","design"
"12","1","1","67.5099999999976","76.120000000002","57.0483333333288","71.6766666666643","3","6.70916666666675","36.2900000000013","1.14","printe"
"18","1","1","68.0699999999979","76.4600000000022","54.8655555555547","68.3416666666648","3.42","5.99833333333344","38.030000000001","0.57","printe"
"12","2","1","53.8899999999978","78.9900000000035","57.3274999999952","86.0050000000051","3.63","6.57750000000009","36.2500000000014","3.54999999999997","printe"
"18","2","1","55.4599999999975","80.7200000000044","56.3622222222214","85.1444444444497","3.9","5.81000000000011","37.0300000000012","2.51999999999999","printe"
