"ncohort","utype","rtype","bd.sel","od.sel","bd.pts","od.pts","earlystop","overdose","poorall","ov.sel","design"
"12","1","1","44.7599999999997","60.3399999999966","30.653333333332","43.6049999999992","13.57","2.08333333333329","40.9100000000004","0.870000000000001","boin12"
"18","1","1","47.8299999999991","64.239999999996","35.3483333333317","49.4599999999999","15.64","1.88333333333337","38.8400000000008","0.68","boin12"
"12","2","1","47.0599999999992","61.9999999999962","31.2516666666654","41.7849999999992","12.92","2.81999999999999","37.6500000000011","1.6","boin12"
"18","2","1","48.8299999999989","65.6499999999967","35.5583333333321","47.545","13.89","2.46055555555562","35.9200000000014","1","boin12"
