"ncohort","utype","rtype","bd.sel","od.sel","bd.pts","od.pts","earlystop","overdose","poorall","ov.sel","design"
"12","1","1","42.8000000000001","57.6599999999971","32.0533333333321","45.0408333333322","7.21","0.979166666666672","51.9999999999982","0.36","boinet"
"18","1","1","45.3299999999996","59.8399999999967","36.732777777778","50.0122222222236","8.37","0.846111111111103","49.4499999999987","0.21","boinet"
"12","2","1","41.2700000000004","51.0599999999984","30.0124999999989","37.7383333333323","6.86","0.958333333333338","55.2499999999976","0.56","boinet"
"18","2","1","42.0800000000002","52.5999999999981","33.0233333333332","41.6461111111117","8.32","0.878333333333323","53.7799999999979","0.34","boinet"
