"ncohort","utype","rtype","bd.sel","od.sel","bd.pts","od.pts","earlystop","overdose","poorall","ov.sel","design"
"12","1","1","37.980000000001","52.6999999999981","28.0508333333323","40.8716666666653","14.32","0.632500000000003","57.8899999999971","0.17","printe"
"18","1","1","40.6500000000005","54.4699999999977","31.9105555555553","44.5083333333346","15.96","0.579999999999996","56.0199999999974","0.12","printe"
"12","2","1","35.9800000000014","45.4699999999995","26.1666666666658","33.4183333333322","13.98","0.668333333333337","60.8799999999965","0.44","printe"
"18","2","1","37.830000000001","47.3499999999991","29.1455555555553","36.9383333333338","15.44","0.506666666666664","59.8399999999967","0.23","printe"
