"ncohort","utype","rtype","bd.sel","od.sel","bd.pts","od.pts","earlystop","overdose","poorall","ov.sel","design"
"12","1","1","39.2700000000008","53.5699999999979","29.9766666666657","42.8649999999985","15.2","0.858333333333338","55.2199999999976","0.22","stein"
"18","1","1","39.2400000000008","53.9899999999978","32.3977777777777","46.1166666666676","17.78","0.699999999999995","54.8399999999977","0.24","stein"
"12","2","1","37.2300000000012","46.4599999999993","27.7033333333324","35.1316666666654","15.37","0.755000000000004","58.5799999999969","0.37","stein"
"18","2","1","37.940000000001","47.4399999999991","30.7533333333333","38.8083333333336","17.78","0.688888888888883","57.1399999999972","0.3","stein"
