"ncohort","utype","rtype","bd.sel","od.sel","bd.pts","od.pts","earlystop","overdose","poorall","ov.sel","design"
"12","1","1","72.22","79.4300000000037","66.5583333333287","77.7658333333336","4.3","3.92833333333334","28.8100000000017","0.880000000000001","boinet"
"18","1","1","70.3799999999991","78.3200000000032","64.5311111111093","75.3416666666672","5.92","3.30944444444448","31.3000000000021","0.54","boinet"
"12","2","1","63.7799999999959","82.8900000000055","67.420833333329","88.3033333333399","4.93","3.78333333333335","28.2700000000016","2.23","boinet"
"18","2","1","62.1999999999962","82.5500000000053","65.2205555555539","87.0544444444507","6.23","3.42222222222226","30.600000000002","1.8","boinet"
