"ncohort","utype","rtype","bd.sel","od.sel","bd.pts","od.pts","earlystop","overdose","poorall","ov.sel","design"
"12","1","1","71.2299999999995","79.2400000000036","65.8691666666623","78.0708333333336","3.55","4.45916666666671","23.4400000000009","1.17","utpi"
"18","1","1","72.17","80.2700000000042","66.5027777777763","78.4105555555575","3.78","3.57666666666669","23.5000000000009","0.67","utpi"
"12","2","1","65.5499999999966","85.1000000000066","67.7116666666624","88.9808333333399","3.38","3.77916666666669","25.6200000000012","2.14","utpi"
"18","2","1","66.5699999999972","85.9200000000071","67.0294444444429","88.5288888888959","4","3.31166666666669","26.1500000000013","1.49","utpi"
