"ncohort","utype","rtype","bd.sel","od.sel","bd.pts","od.pts","earlystop","overdose","poorall","ov.sel","design"
"12","1","1","20.9900000000005","36.0600000000014","19.0983333333328","31.1649999999993","1.68","0","66.0699999999969","0","boinet"
"18","1","1","24.6600000000011","40.6500000000005","24.8983333333331","37.9022222222219","2.11","0","60.1899999999966","0","boinet"
"12","2","1","28.3200000000016","35.3200000000015","18.1641666666662","23.0866666666661","1.26","0","67.3699999999976","0","boinet"
"18","2","1","30.970000000002","38.6400000000009","22.787222222222","28.6911111111108","1.87","0","63.089999999996","0","boinet"
