"ncohort","utype","rtype","bd.sel","od.sel","bd.pts","od.pts","earlystop","overdose","poorall","ov.sel","design"
"12","1","1","20.7200000000004","35.6300000000015","15.076666666666","26.7641666666654","2.05","0","74.7700000000013","0","boin12"
"18","1","1","24.8000000000011","41.0900000000004","17.3261111111115","29.827222222221","4.01","0","70.5499999999992","0","boin12"
"12","2","1","32.2600000000022","40.5200000000005","18.0658333333323","23.7116666666652","1.39","0","68.7999999999983","0","boin12"
"18","2","1","37.1400000000012","46.0899999999994","21.4699999999993","27.6088888888875","2.25","0","62.4599999999961","0","boin12"
