"ncohort","utype","rtype","bd.sel","od.sel","bd.pts","od.pts","earlystop","overdose","poorall","ov.sel","design"
"12","1","1","25.2000000000011","40.9800000000004","25.6716666666663","37.5966666666668","1.03","0","52.0699999999982","0","ji3"
"18","1","1","27.7600000000015","43.8299999999998","31.8433333333338","44.0511111111109","1.76","0","48.129999999999","0","ji3"
"12","2","1","34.2100000000018","41.5900000000003","25.4191666666663","30.398333333333","0.75","0","52.3099999999982","0","ji3"
"18","2","1","36.6100000000013","43.9399999999998","30.727777777778","36.1755555555553","1.27","0","49.2299999999988","0","ji3"
