"ncohort","utype","rtype","bd.sel","od.sel","bd.pts","od.pts","earlystop","overdose","poorall","ov.sel","design"
"12","1","1","21.4900000000006","37.2400000000012","16.8749999999995","29.6191666666661","1.47","0","65.9599999999968","0","utpi"
"18","1","1","25.1000000000011","41.7700000000003","20.2777777777775","33.7644444444437","2.71","0","67.0099999999974","0","utpi"
"12","2","1","23.6900000000009","30.720000000002","14.9458333333329","19.7149999999994","1.22","0","74.7900000000014","0","utpi"
"18","2","1","27.7500000000015","35.0000000000016","19.5638888888888","25.1094444444441","1.59","0","69.3599999999986","0","utpi"
