"ncohort","utype","rtype","bd.sel","od.sel","bd.pts","od.pts","earlystop","overdose","poorall","ov.sel","design"
"12","1","1","66.0399999999969","75.9100000000019","58.7399999999965","73.9916666666654","2.9","6.24666666666686","16.4899999999998","1.67","boin12"
"18","1","1","69.0399999999984","79.1400000000036","61.3994444444485","75.7744444444467","3.65","4.96888888888906","14.7799999999997","1.11","boin12"
"12","2","1","48.049999999999","78.1100000000031","51.6299999999964","85.5683333333381","3.6","7.88000000000026","23.7800000000009","4.82999999999994","boin12"
"18","2","1","48.5999999999989","79.3900000000037","53.0183333333354","85.5755555555609","3.88","6.39111111111138","22.1300000000007","3.51999999999997","boin12"
