"ncohort","utype","rtype","bd.sel","od.sel","bd.pts","od.pts","earlystop","overdose","poorall","ov.sel","design"
"12","1","1","63.9499999999958","72.4700000000002","45.7849999999967","65.8941666666631","2.61","12.2375","47.2899999999992","1.59","ji3"
"18","1","1","64.0399999999959","72.9000000000004","44.0666666666657","63.2672222222191","2.94","11.1533333333337","48.8499999999989","0.930000000000001","ji3"
"12","2","1","49.2799999999988","76.8400000000024","47.3299999999965","85.5300000000046","3.12","12.1741666666666","45.4199999999995","4.96999999999994","ji3"
"18","2","1","50.5099999999985","77.6300000000028","45.736666666666","83.8133333333379","3.81","10.9738888888892","47.1099999999992","3.05999999999998","ji3"
