"ncohort","utype","rtype","bd.sel","od.sel","bd.pts","od.pts","earlystop","overdose","poorall","ov.sel","design"
"12","1","1","65.3799999999965","73.9600000000009","49.5841666666627","66.2733333333294","2.78","8.97916666666671","42.7400000000001","1.36","printe"
"18","1","1","65.7199999999967","74.4700000000012","47.9511111111104","63.9105555555523","3.1","8.32666666666686","44.8199999999997","0.79","printe"
"12","2","1","50.4199999999985","77.7700000000029","51.1058333333293","85.578333333338","3.31","9.23083333333337","41.6600000000003","4.63999999999995","printe"
"18","2","1","51.6499999999983","78.6400000000033","49.6666666666662","84.0311111111157","4.14","8.03944444444462","43.26","2.98999999999998","printe"
