"ncohort","utype","rtype","bd.sel","od.sel","bd.pts","od.pts","earlystop","overdose","poorall","ov.sel","design"
"12","1","1","62.5799999999961","72.6200000000002","31.857499999997","49.7633333333299","2.93","9.96666666666663","58.6799999999969","1.32","tepi"
"18","1","1","61.7199999999963","71.9299999999999","28.7738888888857","46.4477777777759","3.25","9.45222222222248","65.1799999999964","0.64","tepi"
"12","2","1","47.0599999999992","78.010000000003","33.547499999997","76.4783333333331","3.57","9.51833333333333","56.8499999999973","3.81999999999996","tepi"
"18","2","1","48.059999999999","78.080000000003","29.9527777777746","74.3511111111107","4.32","9.42333333333359","63.5399999999959","2.46999999999999","tepi"
