"ncohort","utype","rtype","bd.sel","od.sel","bd.pts","od.pts","earlystop","overdose","poorall","ov.sel","design"
"12","1","1","66.8699999999973","75.5200000000017","55.2774999999968","71.459999999998","3.18","7.47666666666688","26.8300000000014","1.63","utpi"
"18","1","1","69.7799999999988","78.6200000000033","58.5633333333324","73.4994444444445","3.43","5.82222222222239","23.6400000000009","0.960000000000001","utpi"
"12","2","1","54.9999999999976","81.2000000000046","56.3016666666626","87.4266666666722","3.33","6.96333333333349","32.860000000002","3.71999999999996","utpi"
"18","2","1","55.9499999999974","82.0700000000051","56.0772222222215","87.2644444444507","3.67","6.14000000000017","33.010000000002","2.89999999999998","utpi"
